bp,sex,pgm,D1Mit296,D1Mit123,D1Mit156,D1Mit178,D1Mit19,D1Mit7,D1Mit46,D1Mit132,D1Mit334,D1Mit305,D1Mit26,D1Mit94,D1Mit218,D1Mit100,D1Mit102,D1Mit14,D1Mit105,D1Mit159,D1Mit267,D1Mit15,D1Mit456,D1Mit155,D2Mit359,D2Mit82,D2Mit241,D2Mit14,D2Mit62,D2Mit280,D2Mit229,D2Mit266,D3Mit164,D3Mit6,D3Mit11,D3Mit14,D3Mit44,D3Mit19,D4Mit149,D4Mit41,D4Mit108,D4Mit237,D4Mit286,D4Mit214,D4Mit53,D4Mit89,D4Mit111,D4Mit288,D4Mit164,D4Mit178,D4Mit80,D4Mit81,D4Mit276,D4Mit152,D4Mit302,D4Mit175,D4Mit16,D4Mit14,D5Mit193,D5Mit61,D5Mit387,D5Mit148,D5Mit13,D5Mit55,D5Mit312,D5Mit188,D5Mit213,D5Mit31,D5Mit99,D5Mit101,D5Mit409,D5Mit169,D6Mit86,D6Mit273,D6Mit188,D6Mit8,D6Mit213,D6Mit36,D6Mit135,D6Mit59,D6Mit295,D6Mit201,D6Mit15,D7Mit306,D7Mit25,D7Mit297,D7Mit30,D7Mit37,D7Mit71,D7Nds4,D8Mit3,D8Mit292,D8Mit25,D8Mit45,D8Mit271,D8Mit156,D9Mit297,D9Mit27,D9Mit8,D9Mit24,D9Mit18,D10Mit166,D10Mit214,D10Mit11,D10Mit14,D10Mit297,D11Mit74,D11Mit2,D11Mit78,D11Mit79,D11Mit80,D11Mit82,D11Mit163,D11Mit110,D11Mit136,D11Mit20,D11Mit310,D11Mit35,D11Mit67,D11Mit48,D12Mit37,D12Mit110,D12Mit34,D12Mit118,D12Mit20,D13Mit16,D13Mit59,D13Mit91,D13Mit148,D13Mit78,D14Mit48,D14Mit14,D14Mit37,D14Mit7,D14Mit266,D15Mit11,D15Mit175,D15Mit53,D15Mit111,D15Mit56,D15Mit22,D15Mit206,D15Mit152,D15Mit156,D15Mit108,D15Mit79,D16Mit32,D16Mit4,D16Mit171,D16Mit5,D16Mit70,D16Mit106,D17Mit164,D17Mit143,D17Mit57,D17Mit113,D17Mit131,D17Mit46,D17Mit45,D17Mit23,D17Mit11,D17Mit10,D17Mit53,D17Mit221,D18Mit67,D18Mit17,D18Mit50,D18Mit4,D19Mit59,D19Mit40,D19Mit53,D19Mit137,DXMit55,DXMit22,DXMit16,DXMit130
,,,1,1,1,1,1,1,1,1,1,1,1,1,1,1,1,1,1,1,1,1,1,1,2,2,2,2,2,2,2,2,3,3,3,3,3,3,4,4,4,4,4,4,4,4,4,4,4,4,4,4,4,4,4,4,4,4,5,5,5,5,5,5,5,5,5,5,5,5,5,5,6,6,6,6,6,6,6,6,6,6,6,7,7,7,7,7,7,7,8,8,8,8,8,8,9,9,9,9,9,10,10,10,10,10,11,11,11,11,11,11,11,11,11,11,11,11,11,11,12,12,12,12,12,13,13,13,13,13,14,14,14,14,14,15,15,15,15,15,15,15,15,15,15,15,16,16,16,16,16,16,17,17,17,17,17,17,17,17,17,17,17,17,18,18,18,18,19,19,19,19,X,X,X,X
,,,3.3,19.7,32.8,35,37.2,41.5,43.7,43.7,49.2,54.6,64.5,67.8,69.9,74.3,75.4,82,82,82,82,86.3,94,115.8,7.7,17.5,29.5,49.2,54.6,66.7,85.2,98.4,2.2,17.5,37.2,44.8,57.9,66.7,0,14.2,16.4,17.5,18.6,21.9,23,23,25.1,28.4,29.5,30.6,31.7,31.7,32.8,33.9,35,47,56.8,74.3,0,5.5,10.9,14.2,15.3,18.6,32.8,51.4,60.1,66.7,73.2,74.3,77.6,82,0,9.8,21.9,25.1,29.5,40.4,51.4,56.8,63.4,65.6,66.7,1.1,13.1,26.2,28.4,37.2,53.6,55.6,6.6,19.7,33.9,40.4,59,75.4,12,24,40.4,56.8,68.9,2.2,15.3,50.3,69.9,75.4,2.2,4.4,4.4,8.7,8.7,10.9,13.1,17.5,17.5,19.7,25.1,43.7,60.1,80.9,1.1,16.4,23,40.4,56.8,5.7,7.7,16.4,40.4,59,0,16.4,36.1,52.5,67.8,5.5,5.5,7.7,13.1,16.4,16.4,17.5,17.5,29.5,55.7,63.4,0,25.1,31.7,32.8,51.4,51.4,1.1,1.1,1.1,2.2,3.3,3.3,5.5,6.6,10.9,19.7,33.9,50.3,2.2,14.2,26.2,37.2,0,17.5,32.8,55.7,1.1,20.8,29.5,43.7
109.6,male,1,H,H,H,-,H,H,-,-,H,H,H,A,-,A,A,A,A,-,-,A,A,A,A,A,A,A,A,A,H,H,A,H,H,A,A,A,H,A,-,-,-,A,-,-,A,A,-,A,-,-,-,-,A,A,A,A,A,-,A,A,A,A,A,H,H,H,H,-,H,H,H,H,H,H,H,H,A,A,A,-,A,H,A,A,A,A,A,A,H,H,H,H,H,H,H,H,H,H,H,H,H,H,H,H,H,-,-,H,-,H,-,H,-,-,H,A,A,A,H,A,A,A,H,H,H,H,H,H,-,H,H,H,H,A,-,A,-,A,A,-,A,A,A,A,H,H,H,H,H,H,A,A,A,A,A,A,A,A,A,A,A,A,A,A,A,A,H,H,A,A,B,B,B,A
109.8,male,1,H,H,H,A,A,A,-,-,A,A,A,A,-,A,A,A,A,-,-,A,A,H,A,A,A,A,H,H,H,H,H,H,H,H,H,H,A,A,-,-,-,A,-,-,A,A,-,A,A,A,A,A,H,H,H,H,A,-,A,A,A,H,H,H,H,A,A,-,A,A,A,H,H,H,H,H,A,A,A,-,A,H,H,A,A,A,A,H,A,H,A,A,A,A,H,H,H,A,A,A,A,A,A,A,A,-,-,A,-,A,-,A,-,-,A,A,A,H,A,A,A,A,A,H,H,H,A,A,-,A,A,A,A,A,-,A,-,A,A,-,A,A,H,H,H,A,A,A,A,A,A,A,H,H,H,H,H,H,H,H,H,H,H,H,H,A,A,A,A,A,A,A,B,B
110.1,male,1,A,A,A,-,A,A,-,-,A,H,H,H,-,H,H,H,H,-,-,H,H,H,H,H,H,H,H,H,H,H,A,A,A,A,A,A,H,A,-,-,-,A,-,-,A,A,-,A,-,-,-,-,A,A,A,A,H,-,H,H,H,H,H,H,H,H,H,-,H,H,H,H,H,A,A,A,A,H,H,-,H,H,H,H,H,H,A,A,A,A,A,A,A,A,H,A,A,A,A,A,H,H,A,A,H,-,-,H,-,H,-,H,-,-,H,A,A,A,A,A,A,A,A,H,H,H,A,A,-,A,A,A,A,A,-,A,-,A,A,-,A,A,A,A,H,A,A,A,A,A,H,H,H,H,H,H,H,H,H,H,H,A,A,A,A,A,H,A,A,A,A,A,A,B
110.6,male,1,H,H,H,H,A,A,-,-,A,A,A,A,-,A,A,A,A,-,-,A,A,A,H,A,A,A,A,A,A,H,A,A,A,A,H,H,A,A,-,-,-,A,-,-,A,A,-,A,-,-,-,-,A,A,A,A,A,-,A,A,A,A,A,A,A,A,A,-,A,A,H,H,H,H,H,H,H,H,H,-,H,H,H,H,H,H,A,A,A,A,A,A,A,H,H,H,A,A,H,A,A,A,A,A,H,-,-,H,-,H,-,H,H,H,A,A,A,A,A,A,A,A,A,A,A,A,H,H,-,A,A,A,A,H,-,H,-,H,H,-,H,H,A,A,A,H,H,H,H,H,A,A,A,A,A,A,A,A,A,H,H,H,H,A,A,A,A,A,A,A,A,A,A,B
115,male,1,H,H,A,-,A,A,-,-,A,A,A,A,-,A,A,A,A,A,A,H,H,A,A,A,A,A,A,A,H,H,A,H,H,H,H,H,A,A,-,-,-,A,-,-,A,A,-,A,A,A,H,H,H,H,H,H,H,-,H,H,H,H,H,H,H,H,A,-,A,A,A,H,H,H,H,H,H,A,A,-,A,A,A,A,A,A,A,A,A,A,A,A,A,H,A,A,A,A,H,H,H,A,A,A,A,-,-,A,-,A,-,A,-,-,A,A,A,A,H,H,H,H,A,A,H,H,H,H,-,H,H,H,H,H,-,H,-,H,H,-,H,H,H,H,A,A,A,A,A,A,A,A,A,A,A,A,A,A,A,A,A,H,A,A,H,H,A,A,H,H,A,A,B,B
109.8,male,1,A,A,A,-,A,A,-,-,A,A,A,A,-,A,A,A,A,A,A,H,A,H,H,H,H,A,A,A,A,A,A,A,A,A,A,A,A,A,-,-,-,A,-,-,A,A,-,A,-,-,-,-,A,H,H,H,A,-,A,A,A,A,A,A,A,A,A,-,A,A,H,H,H,H,H,H,H,H,A,A,A,A,A,A,H,H,H,H,A,H,H,H,H,H,A,A,A,A,H,A,A,H,H,H,H,-,-,H,-,H,-,H,-,-,H,H,H,H,H,H,A,A,A,H,H,A,H,H,-,H,H,A,A,A,-,A,-,A,A,-,A,H,H,H,H,H,H,H,H,H,H,H,H,H,H,H,H,H,H,H,H,H,H,H,H,H,A,A,A,A,A,A,A,B
114.4,male,1,H,H,H,H,A,A,-,-,A,A,A,A,-,A,A,A,A,-,-,A,A,H,H,H,H,H,H,A,A,A,H,H,H,H,H,H,A,A,-,-,-,A,-,-,A,A,-,A,H,H,H,H,H,H,H,H,A,H,H,H,H,H,H,H,H,H,H,-,H,H,A,A,H,H,H,H,H,H,A,-,A,H,H,H,H,H,A,A,H,H,H,H,H,H,H,H,H,H,H,A,A,H,H,H,A,H,H,H,-,H,-,H,-,-,H,A,A,A,H,H,H,H,H,H,H,H,A,A,-,H,H,H,H,A,-,A,-,A,A,-,A,A,A,A,H,H,H,H,H,H,A,A,A,A,A,A,A,A,H,H,H,H,A,H,H,H,H,H,H,H,A,A,B,B
113.4,male,1,A,A,A,-,A,A,A,H,H,H,H,H,H,A,A,A,A,-,-,A,A,A,H,A,A,A,A,A,H,H,H,H,A,A,A,A,A,A,-,-,-,A,-,-,A,A,-,A,-,-,-,-,A,A,H,H,A,-,A,A,A,H,H,H,H,H,H,-,H,H,H,H,H,H,H,H,H,H,H,-,H,H,H,H,H,H,A,A,H,H,A,A,A,A,H,H,H,H,A,H,H,H,A,A,H,-,-,H,-,H,-,H,-,-,H,H,H,H,H,A,A,A,A,A,A,H,H,H,-,H,H,H,H,H,-,H,-,H,H,-,H,A,A,A,A,H,H,H,H,H,H,A,A,A,A,A,A,A,A,A,A,A,H,H,H,H,A,A,H,H,A,A,A,A
113.8,male,1,H,H,H,H,A,A,-,-,A,A,A,A,-,A,A,A,A,-,-,A,A,H,H,H,H,H,A,A,A,A,A,A,A,A,A,A,H,A,-,-,-,A,-,-,A,A,-,A,-,-,-,-,A,A,A,A,A,-,A,A,A,A,A,A,A,A,A,-,A,A,H,H,H,H,H,H,H,H,H,-,H,H,H,H,A,A,A,A,H,H,H,H,H,A,A,A,A,H,H,A,A,A,A,A,H,H,A,A,-,A,-,A,-,-,A,A,A,H,H,A,A,A,H,H,H,H,A,A,-,A,A,H,H,A,-,A,-,A,A,-,A,A,A,A,A,H,H,H,H,H,A,A,A,A,A,A,A,A,A,A,A,A,A,H,H,H,A,A,A,A,B,B,B,A
113.1,male,1,A,A,A,-,A,A,-,-,A,A,A,A,-,A,A,A,A,-,-,A,A,H,H,H,H,H,A,A,A,A,A,H,H,H,H,A,A,A,-,-,-,A,-,-,A,A,-,A,-,-,-,-,A,A,A,A,A,-,A,A,A,A,A,A,A,A,A,-,A,A,A,H,H,H,H,H,H,A,A,-,A,H,H,H,H,H,H,H,A,A,A,A,A,A,A,A,A,A,A,A,A,A,A,A,A,-,-,A,-,A,-,A,-,-,A,A,A,H,A,H,H,H,H,H,H,H,H,H,-,H,H,H,H,A,-,A,-,A,A,-,A,A,A,A,H,H,H,H,H,H,H,H,H,H,H,H,H,H,H,H,H,H,A,H,H,A,H,A,A,A,B,A,A,A
120.8,male,1,H,H,H,-,H,H,-,-,H,H,H,H,-,H,H,A,A,-,-,A,A,A,A,A,A,A,A,A,A,A,A,H,H,H,H,H,H,H,H,A,A,A,-,-,A,A,-,A,-,-,-,-,A,A,A,A,H,-,H,H,H,H,H,H,H,A,A,-,A,A,H,H,H,H,A,A,A,A,A,-,A,A,A,A,A,A,A,A,H,H,H,H,H,A,H,H,H,H,H,A,A,A,A,A,A,-,-,A,-,A,-,A,-,-,A,A,A,A,H,A,H,A,A,H,H,H,H,H,-,H,A,A,A,H,-,H,-,H,H,-,H,H,H,H,H,H,H,H,H,H,A,A,A,A,A,A,A,A,A,A,A,A,A,H,H,H,A,A,A,A,B,B,B,B
110.9,male,1,A,A,A,-,A,A,-,-,A,A,A,A,-,A,A,A,A,A,A,H,H,H,A,A,A,H,H,A,A,A,H,H,H,H,H,H,H,H,A,A,A,A,-,-,A,A,-,A,-,-,-,-,A,A,A,A,A,-,A,A,A,A,A,A,A,A,A,-,A,A,H,H,A,A,A,A,A,A,H,H,H,A,A,A,A,A,H,H,A,A,A,A,H,H,A,A,A,A,A,A,A,H,H,H,A,-,-,A,-,A,-,A,-,-,A,A,A,H,H,H,H,A,A,H,H,H,H,H,-,H,H,A,A,A,-,A,-,A,A,-,A,A,A,A,A,A,A,A,H,H,H,H,H,H,H,H,H,H,H,H,H,H,H,A,A,A,H,H,H,H,A,A,A,B
112.2,male,1,A,A,A,-,A,A,-,-,A,A,A,A,-,A,A,A,A,-,-,A,A,A,A,A,A,A,A,H,H,H,H,H,A,A,A,A,H,H,-,-,-,H,-,-,H,H,-,H,A,A,A,A,A,A,A,A,A,-,A,A,A,A,A,A,A,A,A,-,A,A,A,A,A,A,A,A,H,H,H,-,H,H,H,H,H,H,H,H,H,H,H,H,H,H,H,H,H,H,H,H,A,A,A,A,H,-,-,H,-,H,-,H,H,H,A,A,A,A,H,A,A,H,H,A,A,A,H,H,-,H,H,H,H,A,-,A,-,A,A,-,A,A,H,H,A,A,A,A,H,H,H,H,H,H,H,H,H,H,H,H,H,H,A,A,A,H,H,H,H,H,A,A,A,A
110.4,male,1,H,H,H,-,H,H,-,-,H,H,H,H,-,H,H,H,H,-,-,H,H,H,A,A,A,A,A,A,A,H,A,H,H,H,H,H,H,H,-,-,-,H,-,-,H,H,-,H,-,-,-,-,H,H,H,H,H,-,H,H,H,H,H,H,H,H,H,-,H,H,A,A,A,A,A,H,H,H,H,-,H,A,A,A,H,H,H,H,A,H,H,H,H,H,H,H,H,H,H,H,H,H,H,H,A,-,-,A,-,A,-,A,-,-,A,A,A,A,H,A,A,H,H,H,H,H,A,A,-,A,A,A,A,A,-,A,A,A,A,-,A,A,A,A,H,H,H,H,H,H,H,H,H,H,H,H,H,H,H,H,H,H,A,H,H,H,A,A,A,A,A,A,A,A
111.9,male,1,H,H,H,H,A,A,-,-,A,A,A,A,-,A,A,A,A,-,-,A,A,A,H,H,H,H,A,A,A,A,A,H,H,A,A,A,H,H,-,-,-,H,-,-,H,H,-,H,-,-,-,-,H,H,H,H,A,-,A,A,A,A,A,A,A,A,A,-,A,A,H,A,A,A,A,A,A,H,H,-,H,H,H,H,H,H,H,H,A,A,A,H,H,H,H,H,H,H,H,A,A,H,H,H,A,-,-,A,-,A,-,A,-,-,A,A,A,A,H,H,H,H,H,H,H,H,H,H,-,A,A,A,A,A,-,A,-,A,A,-,A,A,A,A,A,H,H,H,H,H,H,H,H,H,H,H,H,H,H,H,H,A,H,A,A,H,A,A,A,H,B,B,B,B
113.3,male,1,H,A,A,-,A,A,-,-,A,A,H,H,-,H,H,A,A,-,-,A,A,A,H,H,H,H,A,A,A,A,A,A,A,A,A,A,A,A,-,-,-,A,-,-,A,A,-,A,-,-,-,-,A,A,A,A,H,-,H,H,H,H,H,H,H,H,H,-,H,H,H,H,H,H,H,H,A,A,A,-,A,H,H,H,H,H,A,A,H,H,H,H,H,H,A,A,A,A,A,A,A,A,A,A,H,-,-,H,-,H,-,H,-,-,H,A,A,A,H,H,H,A,A,A,A,A,H,H,-,A,A,H,A,A,A,H,-,H,H,-,H,H,H,H,A,H,H,H,H,A,H,H,H,H,H,H,H,H,H,H,A,A,H,H,H,H,H,H,H,A,B,B,B,B
114.3,male,1,H,H,H,-,H,H,-,-,H,H,H,H,H,A,A,A,A,-,-,A,A,A,H,H,H,A,A,H,H,H,A,H,H,H,H,H,A,A,-,-,-,A,-,-,A,A,-,A,-,-,-,-,A,A,A,A,H,-,H,H,H,H,A,A,A,A,A,-,A,H,H,H,H,H,H,H,H,H,H,-,H,H,A,A,A,A,A,A,A,A,A,A,A,H,A,A,A,H,H,H,H,A,A,A,H,-,-,H,-,H,A,A,-,-,A,A,A,A,A,A,A,A,A,H,H,H,A,A,-,A,A,A,A,H,-,H,-,H,A,-,A,A,H,H,A,A,A,A,A,A,H,H,H,H,H,H,H,H,H,H,A,A,A,A,A,A,A,A,A,H,B,B,B,B
113.8,male,1,A,A,A,-,A,A,-,-,A,A,A,A,-,A,A,A,A,-,-,A,A,A,A,A,A,A,H,H,H,H,A,H,H,H,H,H,H,A,-,-,-,A,-,-,A,A,-,A,-,-,-,-,A,A,A,A,A,-,A,A,A,A,A,A,A,A,A,A,H,H,H,H,H,H,H,H,H,H,H,-,H,A,A,A,A,A,H,H,A,A,H,H,H,A,A,A,H,H,A,A,A,H,H,H,A,-,-,A,-,A,-,A,-,-,A,A,A,A,H,H,H,H,H,H,H,A,A,A,-,H,H,A,A,H,-,H,A,A,A,-,A,A,H,H,A,H,H,H,H,H,A,A,A,A,A,A,A,A,A,A,A,A,H,H,A,A,A,A,A,A,A,B,B,B
118.3,male,1,A,A,A,-,A,A,-,-,A,A,A,A,-,A,A,A,A,-,-,A,A,A,A,A,A,A,A,A,A,A,H,H,H,A,A,A,H,H,-,-,-,H,-,-,H,H,-,H,-,-,-,-,H,H,H,H,H,-,H,H,H,H,H,H,H,A,A,-,A,A,H,H,H,H,H,H,H,H,H,-,H,H,H,H,H,A,A,A,A,A,A,A,A,A,H,H,H,A,A,H,H,H,H,H,A,-,-,A,-,A,-,A,-,-,A,A,H,H,H,H,A,A,A,A,A,H,H,H,-,A,H,H,H,A,-,A,-,A,A,-,A,A,H,H,H,A,A,A,A,A,A,A,H,H,H,H,H,H,H,H,H,H,H,H,A,A,A,A,A,H,B,B,B,B
110.8,male,1,H,H,A,-,A,A,-,-,A,A,A,A,-,A,A,H,H,-,-,H,H,H,H,H,H,H,H,H,H,H,H,H,H,A,A,A,H,H,-,-,-,H,-,-,H,H,-,H,-,-,-,-,H,H,A,A,H,-,H,H,H,H,H,A,A,A,A,-,A,A,H,A,A,A,A,A,A,A,A,-,A,H,H,H,A,A,A,A,H,H,H,H,H,H,H,H,H,H,H,H,H,A,A,A,A,-,-,A,-,A,A,H,-,-,H,H,H,H,A,H,H,H,H,A,A,A,A,A,-,A,A,A,A,H,-,H,-,H,H,-,H,H,H,H,H,A,A,A,A,A,H,H,H,H,H,H,H,H,H,A,A,A,H,A,A,A,A,A,A,A,B,B,A,A
109.5,male,1,A,A,A,-,A,A,-,-,A,A,A,A,-,A,A,A,A,-,-,A,A,A,H,H,H,A,A,A,H,H,H,A,A,A,A,A,H,H,-,-,-,H,-,-,H,H,-,H,-,-,-,-,H,H,H,H,H,-,H,H,H,H,A,A,A,A,A,-,A,A,A,H,H,H,H,H,A,A,A,-,A,H,H,H,H,H,H,H,H,H,H,A,A,A,A,A,H,H,A,A,A,H,H,H,H,-,-,H,-,H,-,H,H,H,A,A,A,A,A,H,H,H,H,H,H,H,A,A,-,H,H,A,A,H,-,H,-,H,H,-,H,H,H,H,H,H,H,H,H,H,H,H,H,H,H,H,H,H,H,H,A,A,H,H,A,H,H,A,A,A,B,A,A,A
111.6,male,1,H,H,H,-,H,H,-,-,H,H,H,H,-,H,H,H,H,-,-,H,H,H,H,H,A,A,A,A,H,H,A,A,A,A,A,A,H,H,-,-,-,H,-,-,H,H,-,H,A,A,A,A,A,A,A,A,H,-,H,H,H,H,H,H,A,A,A,-,A,A,A,A,A,A,A,A,A,A,A,-,A,A,A,A,A,A,H,H,A,A,A,A,A,A,H,H,H,H,H,A,A,A,A,A,H,H,A,A,-,A,-,A,-,-,A,A,A,H,H,H,H,H,H,A,A,A,H,H,-,H,H,H,H,A,-,A,-,A,A,-,A,A,A,A,A,A,A,A,A,A,H,H,H,H,H,H,H,H,H,H,H,H,H,H,H,H,A,H,H,H,A,A,A,A
113.2,male,1,A,A,A,-,A,A,-,-,A,A,A,A,-,A,A,A,A,-,-,A,A,A,H,H,A,A,A,A,A,A,H,A,A,A,A,H,H,H,-,-,-,H,-,-,H,H,-,H,-,-,-,-,H,H,H,H,A,-,A,A,A,A,A,A,A,A,A,-,A,A,H,H,H,H,H,H,H,H,H,-,H,H,H,H,A,A,A,A,A,A,A,A,H,H,H,H,H,H,H,A,A,A,A,A,H,-,-,H,-,H,-,H,-,-,H,H,H,H,A,A,A,A,H,H,H,H,A,A,-,A,A,A,A,A,-,A,-,A,A,-,A,A,A,A,A,A,A,A,A,H,A,A,A,A,A,A,A,A,A,A,H,H,A,H,H,H,A,A,A,A,B,B,B,B
115.7,male,1,A,A,A,-,A,A,-,-,A,A,A,A,-,A,A,A,A,-,-,A,A,A,A,A,A,A,A,A,A,A,A,A,H,H,H,H,A,A,-,-,-,A,-,-,A,A,-,A,-,-,-,-,A,A,A,H,H,-,H,H,H,H,H,H,H,H,H,-,H,H,A,A,A,A,A,A,A,A,A,-,A,H,H,H,A,A,A,A,H,H,A,A,A,A,H,H,H,H,H,A,H,H,H,H,H,-,-,H,H,A,-,A,-,-,A,A,A,A,A,A,A,H,H,A,A,A,A,A,-,A,A,H,H,H,-,H,-,H,H,-,H,A,A,A,H,A,A,H,A,A,A,A,A,A,A,A,A,A,A,A,H,H,A,A,H,H,A,H,H,H,A,A,A,A
109.5,male,1,H,H,A,-,A,A,-,-,A,A,A,A,-,A,A,A,A,-,-,A,A,A,H,H,H,H,H,A,H,H,A,A,A,A,A,A,H,A,-,-,-,A,-,-,A,A,-,A,-,-,-,-,A,A,A,A,H,-,H,H,H,H,H,A,A,A,A,-,A,A,H,H,H,H,H,H,H,H,H,-,H,H,H,A,A,A,A,A,H,H,H,H,H,H,H,H,H,H,H,H,H,H,H,H,H,-,-,H,-,H,-,H,-,-,H,H,A,A,H,H,H,H,H,A,A,A,H,H,-,H,H,H,A,A,-,A,-,A,A,-,A,A,A,A,H,H,H,H,H,H,H,H,H,H,H,H,H,H,H,H,H,H,A,A,A,H,A,A,A,A,A,A,A,A
112.6,male,1,A,H,H,-,H,H,-,-,H,H,H,H,-,H,H,A,A,-,-,A,A,A,H,H,H,A,A,A,A,A,A,A,A,A,A,H,A,A,-,-,-,A,-,-,A,A,-,A,A,A,A,A,H,H,H,H,A,-,A,A,A,A,H,H,H,H,H,-,H,H,H,A,A,A,A,A,H,H,H,-,H,H,H,H,H,H,H,H,H,H,H,H,H,H,H,A,A,A,A,A,A,A,A,A,H,-,-,H,-,H,-,H,-,-,H,A,A,A,H,H,H,H,H,H,H,H,A,A,-,A,A,A,H,A,-,A,-,A,A,-,A,A,H,H,H,H,H,H,H,H,H,H,H,H,H,H,H,H,H,A,A,A,A,A,A,A,A,A,A,A,A,B,B,B
119.7,male,1,H,H,H,-,H,H,-,-,H,H,H,H,-,H,H,H,H,-,-,H,H,H,A,A,A,A,A,A,A,A,A,A,A,A,A,A,A,A,-,-,-,A,-,-,A,A,-,A,H,H,H,H,H,H,H,H,H,-,H,H,H,H,A,A,A,A,A,-,A,A,H,H,H,H,H,H,H,H,H,-,H,A,A,A,A,A,A,A,H,H,H,H,H,H,A,A,A,A,A,A,A,A,A,H,A,-,-,A,-,A,-,A,A,A,H,H,H,H,A,H,H,H,H,A,A,A,A,A,-,H,H,H,H,A,-,A,-,A,A,-,A,A,A,A,H,A,A,A,A,A,A,A,A,A,A,A,A,A,A,A,H,H,A,A,A,A,A,A,A,A,B,B,B,B
122.6,male,1,A,A,A,-,A,A,-,-,A,H,H,H,-,H,H,H,H,-,-,H,H,A,H,H,H,A,A,A,A,A,H,H,H,A,A,A,A,A,-,-,-,A,-,-,A,A,-,A,-,-,-,-,A,A,A,A,A,-,A,A,A,A,A,A,A,A,A,-,A,A,A,A,A,A,A,A,A,A,A,-,A,H,H,H,A,A,A,A,A,A,A,A,A,A,A,A,A,A,H,H,H,H,H,H,H,-,-,H,-,H,-,H,-,-,H,H,H,H,A,H,H,H,A,H,H,H,A,A,-,A,A,A,A,A,-,A,-,A,A,H,H,H,H,H,A,H,H,H,H,H,A,A,A,A,A,A,A,A,A,A,H,H,A,H,H,H,A,A,A,A,A,A,A,B
118,male,1,A,A,A,-,A,A,-,-,A,A,A,A,-,A,A,A,A,A,A,H,H,H,H,H,H,H,H,H,H,H,A,A,A,A,A,H,A,A,-,-,-,A,-,-,A,A,-,A,-,-,-,-,A,A,A,A,A,-,A,A,A,A,A,A,A,A,A,-,A,A,A,H,H,H,H,H,H,H,H,-,H,H,H,H,H,H,H,H,A,A,H,H,H,H,H,H,A,A,H,A,A,H,H,H,A,-,-,A,-,A,-,A,-,-,A,A,A,A,A,A,A,A,H,A,A,A,A,A,-,H,H,H,H,A,-,A,-,A,A,-,A,A,A,A,A,H,H,H,H,A,A,A,A,A,A,A,H,H,H,H,H,H,H,H,H,H,A,A,A,H,A,B,B,B
116.3,male,1,H,H,A,-,A,A,-,-,A,A,A,A,-,A,A,A,A,-,-,A,A,A,A,A,A,H,H,H,H,H,H,H,H,H,H,H,H,H,-,-,-,H,-,-,H,H,A,A,-,-,-,-,A,A,A,H,A,H,H,H,H,H,A,A,A,A,A,-,A,A,A,H,H,H,A,A,A,A,A,-,A,H,H,H,H,H,H,H,A,A,A,A,A,A,H,H,H,H,H,H,H,H,H,A,A,H,H,H,-,H,-,H,-,-,H,H,H,A,H,A,A,A,A,H,H,A,A,A,-,H,A,A,A,A,-,A,-,A,A,-,A,A,A,H,A,A,A,A,A,A,A,A,A,A,A,A,H,H,H,H,H,H,A,A,A,A,H,H,H,H,A,A,A,A
110.2,male,1,H,H,A,-,A,A,-,-,A,A,A,H,-,H,H,H,H,-,-,H,H,H,H,H,H,H,A,A,A,A,H,H,H,A,A,A,H,A,-,-,-,A,-,-,A,A,-,A,-,-,-,-,A,A,A,H,H,-,H,H,H,H,H,H,H,H,H,-,H,H,A,A,A,A,A,A,A,A,H,-,A,H,H,H,H,H,H,H,H,H,H,H,H,H,A,A,A,A,A,H,H,H,H,H,H,-,-,H,-,H,-,H,-,-,H,H,H,H,A,A,A,A,A,H,H,H,H,H,-,A,A,A,A,A,-,A,-,A,A,-,A,A,A,A,A,H,H,H,H,A,H,H,A,A,A,A,A,A,A,A,A,A,A,A,A,A,H,H,H,H,A,A,A,A
119.3,male,1,H,H,H,-,H,H,H,A,A,A,A,A,-,A,A,A,A,-,-,A,H,H,A,A,A,H,H,A,A,A,H,H,H,H,H,H,A,A,A,H,H,H,-,-,H,H,-,H,-,-,-,-,H,H,H,H,H,-,H,H,H,H,H,H,H,H,H,-,H,H,A,A,A,H,H,H,H,H,A,-,H,A,A,H,H,H,H,H,A,A,A,A,A,A,A,A,A,A,A,A,A,A,A,A,H,-,-,H,-,H,-,H,-,-,H,H,H,H,A,A,A,H,H,H,H,H,H,H,-,A,A,A,A,A,-,A,-,A,A,-,A,A,A,A,H,H,H,H,H,H,H,H,H,H,H,H,H,H,H,H,H,H,A,A,A,A,A,A,A,A,B,B,B,B
110.7,male,1,A,A,A,-,A,A,-,-,A,A,A,A,-,A,A,A,A,-,-,A,A,A,H,A,H,H,H,H,H,H,A,A,A,A,H,H,A,A,-,-,-,A,-,-,A,A,-,A,-,-,-,-,A,A,H,H,A,-,A,A,H,H,H,H,H,A,H,A,A,A,H,A,A,A,A,A,A,A,H,-,A,A,A,A,A,A,A,A,A,H,H,H,H,H,H,H,H,H,H,A,A,A,A,A,H,-,-,H,-,H,-,H,-,-,H,A,A,A,H,H,A,A,A,A,A,A,A,A,-,H,H,A,A,A,A,H,-,H,H,-,H,H,H,A,H,A,A,A,A,A,H,H,H,H,H,H,H,H,A,A,A,A,A,A,H,H,A,A,A,A,B,B,B,A
109.9,male,1,A,A,A,-,A,A,-,-,A,A,A,A,-,A,A,A,A,-,-,A,A,A,H,A,H,H,H,H,H,A,H,A,A,H,H,H,H,H,-,-,-,H,-,-,H,H,-,H,-,-,-,-,H,H,H,H,A,-,A,A,A,H,H,H,H,H,H,H,A,A,A,H,H,H,H,H,H,H,A,-,H,H,H,H,H,H,H,H,A,A,A,A,A,A,H,H,H,H,A,A,A,H,H,H,H,-,-,H,-,H,-,H,-,-,H,A,A,A,H,H,H,H,H,A,A,A,A,A,-,H,H,H,H,H,-,H,H,A,A,-,A,A,A,A,A,H,H,A,H,H,H,H,H,H,H,A,A,A,A,A,A,A,A,A,H,H,A,A,A,A,B,B,B,B
128,male,1,A,H,H,-,H,H,-,-,H,H,H,A,-,A,A,A,A,-,-,A,A,A,A,A,A,H,H,H,H,H,A,H,H,H,H,H,A,A,-,-,-,A,-,-,A,A,-,A,-,-,-,-,A,A,A,A,H,-,H,H,H,H,H,H,H,A,A,-,A,A,H,H,H,H,H,H,H,H,H,A,A,H,A,A,A,A,H,H,A,A,A,A,A,A,H,H,H,H,H,H,H,H,H,H,A,-,-,A,-,A,-,A,-,-,A,A,A,H,H,H,H,A,A,A,A,A,H,H,-,A,A,A,A,A,-,A,-,A,A,-,A,A,A,A,A,H,H,H,H,H,H,H,H,H,H,H,H,H,H,H,H,H,H,H,H,H,H,H,H,H,B,B,A,A
116.1,male,1,A,A,A,-,A,A,-,-,A,A,A,A,-,A,A,A,A,-,-,A,A,H,H,A,A,A,A,H,H,H,A,A,A,A,A,A,A,A,-,-,-,A,-,-,A,A,A,H,-,-,-,-,H,H,H,H,H,-,H,H,H,H,A,A,A,A,A,-,A,A,A,A,A,A,A,H,H,H,H,-,H,H,H,H,H,H,H,H,A,A,A,H,H,H,H,H,H,H,H,A,A,A,H,H,H,-,-,H,-,H,-,H,-,-,H,H,H,A,H,H,H,H,H,A,A,A,H,H,-,H,A,A,A,A,-,A,-,A,A,-,A,A,A,A,H,H,H,H,H,H,A,A,A,A,A,A,A,A,A,A,A,H,H,H,H,H,H,H,H,A,A,A,B,B
119.6,male,1,H,H,H,-,H,H,-,-,H,H,A,A,-,A,A,A,A,-,-,A,A,A,H,H,H,H,A,A,A,A,H,A,A,A,A,A,H,A,-,-,-,A,-,-,A,A,-,A,-,-,-,-,A,A,A,A,H,-,H,H,H,H,H,A,A,A,A,-,A,A,H,H,H,H,H,H,H,H,A,-,H,H,H,H,H,H,H,H,H,H,H,H,H,A,H,H,H,H,H,A,A,A,A,A,A,-,-,A,-,A,-,A,-,-,A,A,A,A,A,A,A,A,A,A,A,A,A,A,-,A,A,A,A,A,-,A,-,A,A,-,A,A,A,A,A,A,A,A,A,A,A,A,A,A,A,A,A,A,A,A,A,H,A,A,A,H,A,A,A,A,A,A,A,A
118.7,male,1,H,A,A,-,A,A,-,-,A,A,A,A,-,A,A,A,A,-,-,A,A,A,A,A,A,A,A,A,H,H,H,H,H,H,H,H,H,H,H,A,A,A,-,-,A,A,-,A,-,-,-,-,A,A,A,A,H,A,A,A,A,A,A,A,A,A,A,-,A,A,H,H,H,H,H,A,A,A,H,-,A,H,H,H,H,H,H,H,A,A,A,A,H,H,H,H,H,H,A,H,H,H,A,A,H,-,-,H,-,H,-,H,-,-,H,H,H,H,A,A,A,A,A,A,A,A,H,H,-,H,H,H,H,H,-,H,-,H,H,-,H,H,H,A,A,A,A,A,A,H,H,H,H,H,H,H,H,H,H,H,H,H,A,A,H,H,A,A,A,A,A,A,A,B
109.6,male,1,H,H,H,-,H,H,-,-,H,H,A,A,-,A,A,A,A,-,-,A,A,A,A,H,H,H,H,H,H,A,A,A,A,A,A,A,A,A,-,-,-,A,-,-,A,A,-,A,-,-,-,-,A,A,A,A,H,-,H,H,H,H,H,H,H,H,H,-,H,H,H,H,H,H,H,H,H,H,H,-,H,H,H,H,H,A,A,A,H,H,H,H,H,H,A,A,A,H,H,H,A,A,A,A,H,-,-,H,-,H,-,H,-,-,H,H,H,H,H,A,A,A,A,H,H,H,A,A,-,A,A,A,A,A,A,H,-,H,H,-,H,H,H,H,A,A,A,A,A,A,H,H,H,H,H,H,H,H,H,H,H,H,H,H,A,A,A,A,A,A,B,B,B,B
112.2,male,1,A,H,H,-,H,H,-,-,H,H,H,H,H,H,H,H,H,-,-,H,H,H,H,H,H,A,A,A,A,A,A,A,A,A,A,A,A,A,-,-,-,A,-,-,A,A,-,A,-,-,-,-,A,A,A,H,H,H,A,A,A,A,A,A,A,H,H,-,H,H,H,A,A,A,A,A,H,H,H,-,H,A,A,H,H,H,H,H,H,H,H,H,H,H,A,A,A,A,H,H,H,A,A,A,H,-,-,H,-,H,-,H,-,-,H,H,H,H,H,A,A,A,A,A,A,A,A,A,-,H,H,H,H,A,-,A,-,A,A,-,A,A,A,A,H,H,H,H,H,A,A,A,A,A,A,A,A,A,A,A,A,A,H,H,A,A,A,A,H,H,A,A,A,A
109.5,male,1,A,H,H,-,H,H,-,-,H,H,H,A,-,H,H,H,H,-,-,H,H,H,H,H,H,H,H,H,H,H,H,H,H,H,H,H,A,A,-,-,-,A,-,-,A,A,-,A,-,-,-,-,A,A,A,A,H,-,H,H,H,H,H,H,H,H,H,-,H,H,A,H,H,H,H,H,H,H,H,-,H,H,H,H,H,H,A,A,H,H,H,A,A,A,A,A,A,H,H,A,A,A,A,A,H,-,-,H,-,H,H,A,-,-,A,A,A,H,H,H,A,A,A,H,H,H,H,H,-,H,H,A,A,H,-,H,-,H,H,-,H,H,H,H,H,H,H,H,A,A,H,H,H,H,H,H,H,H,H,H,A,A,A,A,A,A,A,A,A,A,B,B,A,A
118.1,male,1,H,H,H,-,H,H,-,-,H,H,A,A,-,A,A,A,A,-,-,A,A,A,H,A,A,A,A,A,H,H,A,H,H,A,A,A,A,A,-,-,-,A,-,-,A,A,-,A,-,-,-,-,A,A,A,A,H,-,H,H,H,H,A,A,A,A,A,-,A,A,H,H,H,H,A,A,A,A,A,-,A,A,A,A,A,A,A,A,H,H,H,H,H,H,A,A,A,A,A,A,A,A,H,A,H,H,A,A,-,A,-,A,-,-,A,A,A,H,H,A,A,A,A,A,A,H,H,A,-,H,H,H,H,H,-,H,-,H,H,-,H,H,H,H,A,A,A,A,A,A,H,H,H,H,A,A,A,A,A,A,A,A,A,A,A,A,A,H,H,H,B,B,B,B
110.2,male,1,H,H,H,-,H,H,-,-,H,H,H,A,-,H,H,H,H,-,-,H,H,H,A,A,A,A,A,H,H,H,A,A,A,A,A,A,A,A,-,-,-,A,-,-,A,A,-,A,-,-,-,-,A,A,A,A,H,-,H,H,H,H,H,H,H,H,H,-,H,H,A,A,A,A,A,H,H,H,H,-,H,A,A,A,A,A,A,A,A,A,H,H,H,H,H,H,H,H,H,A,A,H,H,H,H,-,-,H,-,H,-,H,H,H,A,H,H,H,H,A,A,A,A,H,A,A,A,A,-,A,A,A,A,A,-,A,-,A,A,-,A,A,A,A,A,A,A,A,A,A,A,A,A,A,A,A,A,A,A,A,A,A,H,H,H,H,A,A,A,A,B,B,B,B
119.3,male,1,H,H,A,-,A,A,-,-,A,A,A,A,-,A,A,A,A,A,A,H,H,H,A,A,A,A,A,A,A,A,H,A,A,A,A,A,H,H,-,-,-,H,-,-,H,H,A,A,-,-,-,-,A,A,A,A,A,H,H,H,H,H,H,H,H,H,H,-,H,A,A,A,H,H,H,H,H,H,H,-,H,A,H,H,H,H,H,H,A,A,A,A,A,A,A,A,A,A,H,H,H,H,H,H,H,-,-,H,-,H,-,H,-,-,H,H,H,H,H,H,H,H,H,A,A,A,A,A,-,H,H,H,H,A,-,A,-,A,A,-,A,H,H,H,A,A,A,A,A,A,H,A,A,A,A,A,A,A,A,A,A,H,H,H,H,H,H,H,H,H,B,B,B,B
116.2,male,1,A,A,A,-,A,A,-,-,A,A,A,A,-,A,A,A,A,-,-,A,A,A,A,A,A,A,A,A,A,A,A,H,H,A,A,A,H,H,-,-,-,H,-,-,H,H,-,H,-,-,-,-,H,H,H,H,A,-,A,A,A,A,A,A,A,A,A,-,A,A,A,H,H,H,H,H,H,H,H,-,H,H,H,H,H,A,A,A,A,A,A,A,A,A,A,A,H,H,A,A,A,A,A,A,A,-,-,A,-,A,-,A,-,-,A,H,H,H,H,A,A,A,A,H,H,H,H,H,-,A,A,A,H,A,-,A,-,A,A,-,A,A,A,H,H,H,H,H,H,A,A,A,A,A,A,A,A,A,A,A,A,H,A,A,A,A,H,H,H,H,B,B,B,A
113.4,male,1,H,A,A,-,A,A,-,-,A,A,A,A,-,A,A,A,A,-,-,A,A,A,A,H,H,H,H,H,H,A,H,H,H,H,H,H,H,H,-,-,-,H,H,H,A,A,-,A,-,-,-,-,A,A,H,H,A,-,A,A,A,A,A,A,A,A,A,-,A,A,H,H,H,H,H,H,H,A,H,-,A,A,H,H,H,H,H,H,A,A,H,H,H,H,A,A,A,A,A,H,H,H,A,A,H,-,-,H,-,H,-,H,H,H,A,A,A,A,H,A,A,A,A,H,H,H,H,H,-,H,H,H,H,A,-,A,-,A,A,-,A,A,H,H,A,H,H,H,H,H,H,H,H,H,H,H,H,H,H,H,H,A,H,H,H,A,H,H,A,A,B,A,B,B
89.3,male,1,A,A,H,-,H,H,-,-,H,H,H,H,-,H,H,H,H,-,-,H,H,A,H,H,H,H,H,H,H,H,A,A,H,H,H,H,A,H,-,-,-,H,-,-,H,H,-,H,H,H,H,H,A,A,A,H,A,-,A,A,A,A,A,A,A,A,H,-,H,H,A,H,H,H,H,H,H,H,H,-,H,A,H,H,H,H,H,H,H,H,H,H,H,A,H,A,A,A,A,H,H,H,H,H,A,H,H,H,-,H,-,H,H,H,A,H,H,H,H,H,H,H,H,H,H,H,A,A,-,H,H,H,A,H,-,H,-,H,H,-,H,A,A,A,A,A,A,A,A,A,A,A,A,A,A,A,A,A,A,A,H,H,A,H,H,H,H,A,A,A,B,B,B,B
88.2,male,1,H,H,H,-,H,H,-,-,H,H,H,H,-,H,H,H,H,-,-,H,H,A,H,H,H,H,A,A,A,A,A,A,A,H,H,H,A,A,A,H,H,H,-,-,H,H,-,H,-,-,-,-,H,H,H,H,H,-,H,H,H,H,H,H,H,H,H,-,H,H,H,H,A,A,A,A,A,A,A,-,A,A,A,H,H,H,H,H,A,A,A,A,A,A,A,A,A,H,H,A,A,A,A,A,A,-,-,A,-,A,-,A,-,-,A,H,H,H,A,A,A,A,A,H,H,H,H,H,-,H,H,H,H,H,-,H,-,H,H,-,H,A,A,A,A,A,A,A,A,A,H,H,H,H,H,H,H,H,H,H,H,H,A,A,A,H,H,H,A,H,B,A,A,B
93.3,male,1,A,A,A,-,A,A,-,-,A,A,A,A,-,A,A,A,A,-,-,A,A,A,A,A,A,A,H,H,H,H,A,A,A,A,H,H,A,H,-,-,-,H,-,-,H,H,-,H,-,-,-,-,H,H,H,H,H,A,A,A,A,A,A,A,A,A,A,-,A,A,H,H,A,A,A,A,A,A,A,-,A,A,A,A,A,A,A,A,H,H,H,H,H,H,H,H,H,H,A,H,H,H,H,H,A,-,-,A,-,A,A,H,-,-,H,H,H,H,H,H,A,A,A,A,H,H,A,A,-,A,A,A,A,A,-,A,A,A,A,-,A,A,A,A,A,A,A,A,A,A,A,A,A,A,A,A,A,A,A,A,A,A,A,A,A,A,H,A,A,A,A,A,A,A
84.8,male,1,H,H,H,-,H,H,-,-,H,H,H,H,-,H,H,H,H,-,-,H,H,H,H,H,H,H,H,H,A,A,A,A,H,H,H,H,H,H,-,-,-,H,-,-,H,H,-,H,A,A,A,A,A,A,A,H,A,-,A,A,A,H,H,H,H,H,H,-,H,H,A,H,H,H,H,H,H,A,A,-,A,A,A,A,A,A,A,H,H,H,H,H,A,A,A,A,A,A,A,H,A,A,A,A,H,-,-,H,-,H,-,H,-,-,H,H,H,A,A,A,A,A,A,A,A,A,A,A,-,H,H,A,A,H,-,H,-,H,H,-,H,H,H,H,A,A,H,A,H,H,A,A,A,A,A,A,A,A,A,A,A,A,A,A,A,H,A,A,A,A,B,B,B,B
92.1,male,1,H,H,H,-,H,H,-,-,H,H,H,H,-,H,H,H,H,-,-,H,H,H,A,A,A,H,H,H,H,H,H,A,A,A,A,A,A,H,-,-,-,H,-,-,H,H,-,H,-,-,-,-,H,H,H,A,A,H,H,H,H,H,H,H,H,H,H,-,H,H,H,H,H,H,H,H,H,H,H,-,H,A,A,A,A,A,A,A,A,H,H,H,H,H,A,A,A,H,H,A,A,A,A,A,A,-,-,A,-,A,-,A,-,-,A,A,A,A,H,H,A,A,A,A,A,A,H,H,-,H,H,H,H,H,-,H,-,H,H,-,H,H,H,H,A,A,A,A,A,A,H,H,H,H,H,H,H,H,H,H,H,H,A,A,A,A,A,A,H,H,B,A,A,A
93.2,male,1,H,H,H,-,H,H,-,-,H,H,H,H,H,A,A,A,A,-,-,A,A,A,H,H,H,H,A,A,A,A,H,H,H,H,H,H,A,H,-,-,-,H,-,-,H,H,-,H,-,-,-,-,H,H,H,A,A,-,A,A,A,A,A,A,A,A,A,-,A,A,A,A,A,A,A,A,A,A,A,-,A,H,H,A,A,A,A,A,A,A,A,A,A,A,H,H,H,A,A,A,A,H,H,H,H,-,-,H,-,H,-,H,-,-,H,A,A,A,H,H,H,H,H,A,A,A,A,A,-,H,H,H,H,A,-,A,-,A,A,-,A,A,H,H,A,A,A,A,A,A,H,A,A,A,A,A,A,A,A,A,A,A,H,H,H,H,A,A,A,A,B,B,B,B
91,male,1,H,A,A,-,A,A,-,-,A,A,A,A,-,A,A,A,A,-,-,A,A,H,A,A,A,A,A,A,A,A,A,A,A,A,A,A,H,H,-,-,-,H,-,-,H,H,-,H,-,-,-,-,H,H,H,H,A,-,A,A,A,A,A,A,A,A,A,-,A,A,A,H,H,H,H,H,H,H,H,-,H,H,A,A,A,A,A,A,H,A,A,A,A,A,H,H,H,A,A,H,H,A,A,A,A,A,A,H,-,H,-,H,-,-,H,H,H,A,A,H,H,H,A,H,H,H,H,H,-,A,A,A,H,A,-,A,-,A,H,-,H,H,H,H,H,H,H,H,H,H,H,H,H,H,H,H,H,H,A,A,A,A,A,A,A,A,H,H,H,A,B,A,A,B
88.8,male,1,H,H,H,-,H,H,-,-,H,H,H,H,-,H,H,H,H,-,-,H,H,H,A,H,H,H,A,A,A,A,H,H,H,H,H,H,H,H,-,-,-,H,H,H,A,A,-,A,-,-,-,-,A,A,A,H,A,-,A,A,A,A,A,A,A,A,A,-,A,A,A,A,A,A,A,A,A,A,A,-,A,H,H,A,A,A,A,H,A,A,A,A,A,A,H,H,H,H,A,A,A,A,H,H,H,-,-,H,-,H,-,H,-,-,H,A,A,A,A,A,A,A,H,A,A,A,H,H,-,H,H,H,A,A,-,A,-,A,A,-,A,A,A,A,H,H,A,H,A,A,A,H,H,H,H,H,H,H,H,H,H,H,A,H,H,H,A,A,H,H,B,B,B,B
89,male,1,A,A,H,-,H,H,-,-,H,H,H,H,-,H,H,H,H,-,-,H,H,A,H,H,H,H,H,H,H,H,A,H,H,H,H,H,H,H,-,-,-,H,-,-,H,H,H,A,-,-,-,-,A,A,A,H,A,-,A,A,A,A,H,H,H,H,H,-,H,H,H,A,A,A,A,A,A,A,A,-,A,A,A,A,A,A,H,H,A,A,A,A,A,A,H,H,H,H,H,H,A,A,A,A,H,-,-,H,-,H,-,H,-,-,H,H,H,H,A,A,A,A,A,H,A,A,A,A,-,H,H,H,H,A,-,A,H,H,H,-,H,H,H,H,A,A,A,A,A,A,H,H,H,H,H,H,A,A,A,A,A,A,A,H,H,H,A,A,A,H,A,B,B,B
92.6,male,1,A,A,H,-,H,H,-,-,H,H,H,H,H,A,A,A,A,-,-,A,A,A,H,H,H,H,H,H,H,H,A,A,A,A,A,H,A,A,-,-,-,A,-,-,A,A,-,A,-,-,-,-,A,A,A,H,H,A,A,A,A,A,A,A,H,H,A,H,H,A,A,A,A,H,A,H,A,H,A,-,H,H,H,A,A,A,H,H,A,A,H,H,H,A,A,A,A,A,H,H,A,A,H,H,H,A,A,A,-,A,H,H,H,H,A,A,H,H,A,A,A,H,H,H,H,H,H,H,-,A,H,H,H,H,-,H,-,H,A,A,H,A,H,H,A,H,H,H,H,H,H,H,A,A,A,A,A,A,A,A,A,A,H,A,A,A,A,A,H,H,B,B,B,B
92,male,1,H,H,A,-,A,A,-,-,A,A,A,A,-,A,A,A,A,-,-,A,A,A,H,H,H,H,H,H,H,H,H,H,H,H,H,A,A,A,-,-,-,A,-,-,A,A,-,A,-,-,-,-,A,A,H,H,A,-,A,A,A,A,H,H,A,A,A,A,A,H,A,A,A,A,H,A,H,A,H,-,A,A,A,A,A,A,H,H,A,H,A,A,A,A,H,H,H,H,A,A,A,A,H,H,A,-,-,A,A,H,A,A,A,A,H,A,A,A,A,H,H,A,A,A,A,A,H,H,-,H,H,H,H,H,A,A,-,A,A,-,A,H,H,H,H,H,H,H,A,A,A,A,A,A,A,A,A,A,A,A,A,A,H,H,H,H,H,H,H,H,B,B,B,A
84.1,male,1,H,H,H,-,H,H,-,-,H,A,A,A,-,A,A,A,A,-,-,A,A,A,A,H,H,H,H,H,H,H,H,A,A,A,A,A,H,H,-,-,-,H,-,-,H,H,-,H,-,-,-,-,H,H,A,A,H,-,H,H,H,H,H,H,H,H,H,-,H,H,A,H,H,H,H,H,H,H,H,-,H,H,H,H,H,H,H,H,A,A,A,A,A,A,A,A,H,H,H,A,A,H,H,H,H,-,-,H,-,H,-,H,-,-,H,A,A,A,H,A,A,A,H,A,A,A,A,A,-,A,A,A,A,H,-,H,-,H,H,-,H,H,A,A,H,H,H,H,A,A,A,A,A,A,A,A,A,A,A,A,A,A,A,A,A,A,A,A,A,H,B,B,A,A
92.7,male,1,A,H,H,-,H,H,-,-,H,H,H,H,-,H,H,H,H,-,-,H,H,H,A,A,A,H,H,H,H,H,A,A,A,A,A,A,H,H,H,A,A,A,-,-,A,A,-,A,-,-,-,-,A,A,H,H,A,-,A,A,A,A,A,A,H,H,H,-,H,H,H,H,H,H,A,A,A,A,A,-,A,H,H,H,H,H,H,H,H,H,H,H,A,A,H,H,H,A,A,H,H,H,H,H,H,-,-,H,H,A,-,A,-,-,A,A,A,A,A,A,A,A,A,A,A,A,A,A,-,A,A,H,H,A,-,A,-,A,A,-,A,A,A,A,H,H,H,H,A,A,H,H,H,H,H,H,H,H,H,H,H,H,H,H,A,A,A,H,H,H,B,B,B,B
88.3,male,1,A,H,H,-,H,H,-,-,H,H,H,H,-,H,H,H,H,-,-,H,H,H,H,H,H,H,H,H,H,H,A,A,A,A,A,H,H,A,-,-,-,A,-,-,A,A,-,A,-,-,-,-,A,A,A,A,H,-,H,H,H,A,A,A,A,A,A,-,A,A,H,H,H,H,H,H,H,H,A,A,A,H,H,H,H,H,H,A,H,H,H,H,H,H,H,H,H,A,A,A,A,A,A,H,A,-,-,A,-,A,-,A,-,-,A,H,H,H,H,H,H,H,H,H,H,H,A,A,-,A,A,A,A,A,-,A,-,A,A,-,A,A,H,H,H,H,H,H,H,H,H,H,H,H,H,H,H,H,H,H,H,H,H,H,H,H,A,A,A,H,B,B,B,A
85.6,male,1,H,H,H,-,H,H,-,-,H,H,H,H,-,H,H,H,H,-,-,H,H,H,H,A,A,A,A,A,A,H,H,H,H,H,H,H,H,H,-,-,-,H,-,-,H,H,-,H,-,-,-,-,H,A,A,A,H,-,H,H,H,H,H,H,H,H,H,-,H,H,A,A,A,A,A,A,A,A,A,-,A,A,A,A,A,A,A,A,H,H,H,H,H,H,A,A,A,A,A,H,H,H,H,A,H,-,-,H,-,H,-,H,-,-,H,A,A,A,H,H,H,A,A,H,H,H,H,H,-,H,H,H,H,H,-,H,-,H,H,-,H,A,A,A,H,H,H,H,H,H,H,H,H,H,H,H,H,H,H,H,H,H,A,A,H,H,H,A,A,A,B,A,A,A
86.3,male,1,H,H,H,-,H,H,-,-,H,H,H,H,-,H,H,H,H,-,-,H,H,H,A,A,A,A,A,A,A,A,A,A,A,H,H,H,H,H,-,-,-,H,-,-,H,H,-,H,-,-,-,-,H,H,H,H,H,-,H,H,H,H,H,H,H,H,H,-,H,H,A,A,A,A,A,A,H,H,H,-,H,H,H,H,H,H,H,H,H,H,H,H,H,H,H,H,H,H,H,A,A,A,H,H,H,H,A,A,-,A,-,A,-,-,A,A,A,H,A,H,H,H,H,A,H,H,H,H,-,A,A,A,A,H,-,H,-,H,H,-,H,H,H,H,A,A,A,A,A,A,A,A,H,H,H,H,H,H,H,H,H,H,A,A,H,H,A,A,A,A,A,A,A,A
91.9,male,1,H,A,A,-,A,A,-,-,A,A,A,A,-,A,A,H,H,-,-,H,H,H,H,H,H,A,A,A,H,H,A,H,H,H,H,A,H,H,-,-,-,H,-,-,H,H,-,H,-,-,-,-,H,H,H,H,H,-,H,H,H,H,H,H,H,H,H,-,H,H,H,H,A,A,A,A,A,A,A,-,A,A,A,A,A,A,A,A,A,A,A,A,A,A,A,A,A,A,A,A,A,H,H,H,H,-,-,H,-,H,-,H,-,-,H,A,A,A,H,H,H,A,A,A,H,H,H,H,-,A,A,A,A,A,-,A,-,A,A,-,A,A,A,A,H,H,H,H,H,H,A,H,H,H,H,H,H,H,H,H,H,H,H,A,H,H,H,H,A,A,B,B,B,B
87.4,male,1,H,H,H,-,H,H,-,-,H,H,A,A,-,A,A,A,A,-,-,A,A,A,A,A,A,H,H,A,A,A,A,H,H,H,H,H,H,H,-,-,-,H,-,-,H,H,-,H,-,-,-,-,H,H,H,H,A,-,A,A,A,A,A,A,A,H,H,-,H,H,H,A,A,A,A,A,A,A,A,-,A,A,A,A,A,A,A,A,A,H,H,H,H,H,A,A,A,A,A,A,A,A,A,A,A,-,-,A,-,A,-,A,-,-,A,A,A,A,A,A,A,H,H,A,A,A,A,A,-,A,A,A,A,A,-,A,-,A,A,-,A,A,H,H,A,A,A,A,A,A,H,H,H,H,H,H,H,H,H,H,H,H,A,A,H,H,H,H,H,H,A,A,B,B
92.9,male,1,H,H,H,-,H,H,-,-,H,H,H,H,-,H,H,H,A,A,A,A,A,A,A,A,A,H,H,A,A,A,A,A,A,H,H,H,H,A,-,-,-,A,-,-,A,A,-,A,-,-,-,-,A,A,A,A,A,-,A,A,A,A,A,A,A,A,A,-,A,A,A,A,A,A,H,H,H,H,H,-,H,A,A,A,A,A,A,H,H,A,A,A,A,H,H,H,H,A,A,A,A,H,H,H,A,A,A,H,-,H,-,H,-,-,H,H,A,A,A,A,A,A,A,H,H,H,H,H,-,A,A,H,H,A,-,A,-,A,A,-,A,A,A,H,H,H,H,H,H,H,A,A,A,A,A,A,A,A,A,H,H,H,A,A,A,A,A,A,A,H,A,A,A,A
91,male,1,H,H,A,-,A,A,-,-,A,A,A,A,-,A,A,A,A,-,-,A,A,A,A,A,A,A,A,A,A,A,A,A,A,A,A,A,A,A,-,-,-,A,-,-,A,A,A,H,-,-,-,-,H,H,H,H,H,-,H,H,H,H,H,A,A,A,A,-,A,A,H,A,A,A,A,A,A,A,A,-,A,H,A,A,A,A,A,A,A,A,A,A,A,H,H,H,H,H,H,H,H,H,A,A,H,-,-,H,-,H,-,H,-,-,H,H,H,H,A,A,A,A,A,A,A,A,H,H,-,H,H,H,H,H,-,H,-,H,H,-,H,H,H,H,H,A,A,A,A,A,H,H,H,H,H,H,H,H,H,H,H,H,A,A,A,H,A,A,H,H,A,A,B,B
90.2,male,1,H,H,H,-,H,H,-,-,H,A,A,A,-,A,A,A,A,-,-,A,A,A,A,A,H,H,H,H,H,H,H,H,A,A,A,A,H,H,-,-,-,H,-,-,H,H,-,H,-,-,-,-,H,H,H,H,H,-,H,H,H,A,A,H,H,H,H,-,H,H,A,A,A,A,A,A,A,A,A,-,A,A,A,H,H,H,H,H,A,A,A,A,A,A,A,A,A,A,A,H,H,H,H,H,A,-,-,A,-,A,-,A,-,-,A,A,A,A,A,A,A,A,A,H,H,H,H,H,-,H,H,H,H,A,-,A,-,A,A,-,A,A,A,A,A,A,A,A,A,A,H,H,H,H,H,H,H,H,A,A,A,A,H,A,A,A,H,H,H,H,A,A,A,A
90.3,male,1,H,H,H,-,H,H,-,-,H,H,H,H,-,H,H,A,A,-,-,A,A,A,H,H,H,H,H,H,H,H,H,A,A,H,H,H,A,A,-,-,-,A,-,-,A,A,-,A,-,-,-,-,A,A,A,H,A,A,H,H,H,H,H,H,H,H,H,-,H,H,H,H,H,H,H,H,H,H,A,A,A,A,A,A,A,A,H,H,A,A,A,A,A,A,H,H,A,A,A,A,A,A,A,H,A,-,-,A,-,A,-,A,-,-,A,H,H,H,H,A,A,A,A,A,A,A,A,A,-,A,H,H,H,H,-,H,-,H,H,-,H,H,H,H,H,H,H,H,H,H,A,A,A,A,A,A,A,A,A,A,A,A,A,H,H,H,H,H,H,H,B,B,B,B
88.5,male,1,A,A,A,-,A,A,-,-,A,A,A,A,-,A,A,A,A,-,-,A,A,A,A,A,A,A,A,H,A,A,A,A,A,A,A,A,H,H,-,-,-,H,-,-,H,H,H,A,-,-,-,-,A,A,A,A,A,-,A,A,A,A,H,H,H,H,H,-,H,H,A,A,A,A,A,A,A,A,A,-,A,H,H,A,A,A,A,H,H,H,H,A,A,A,H,H,H,H,H,A,H,H,H,H,H,-,-,H,-,H,-,H,-,-,H,H,H,H,A,A,A,A,A,H,H,H,H,H,-,H,A,A,A,A,-,A,-,A,A,-,A,A,A,H,A,A,A,A,H,H,H,H,H,H,H,H,H,H,H,H,H,H,A,H,H,H,H,H,H,H,A,A,A,B
91,male,1,H,H,A,-,A,A,-,-,A,A,A,A,-,A,A,A,A,-,-,A,A,A,H,H,H,A,A,A,A,A,A,H,H,H,H,H,A,A,-,-,-,A,-,-,A,A,-,A,-,-,-,-,A,A,H,H,H,-,H,H,H,H,H,H,H,H,H,-,H,H,H,H,H,H,H,A,A,A,A,-,A,H,H,H,H,H,H,H,A,A,A,A,A,H,A,A,A,H,H,H,H,H,H,H,A,-,-,A,-,A,-,A,-,-,A,A,A,A,H,A,A,A,A,H,H,H,H,H,-,A,A,A,A,H,-,H,-,H,H,-,H,H,H,H,A,A,A,A,A,A,H,H,H,H,H,A,A,A,A,A,A,A,H,A,A,A,A,A,H,H,A,A,A,A
88.4,male,1,H,H,H,-,H,H,-,-,H,A,A,A,-,A,A,A,A,-,-,A,A,A,H,H,H,H,H,H,A,A,H,H,A,A,A,A,H,H,-,-,-,H,-,-,H,H,-,H,-,-,-,-,H,H,A,A,A,-,A,A,A,A,H,H,H,H,H,-,H,H,A,H,H,H,H,H,H,H,H,-,H,H,A,A,A,A,H,H,H,H,H,H,A,A,A,A,A,A,A,A,H,H,H,H,H,-,-,H,-,H,-,H,H,H,A,A,A,A,A,A,A,A,A,A,A,A,H,H,-,H,H,H,H,H,-,H,-,H,H,-,H,A,A,A,H,A,A,H,A,A,A,A,A,A,A,A,A,A,A,A,A,H,A,A,H,H,H,H,H,H,B,A,A,A
88.8,male,1,A,A,A,-,A,A,-,-,A,A,A,H,-,H,H,H,H,-,-,H,H,H,H,H,H,H,A,A,A,A,A,A,A,A,A,A,A,A,-,-,-,A,-,-,A,A,-,A,-,-,-,-,A,A,H,H,H,-,H,H,H,H,H,H,H,H,H,-,H,H,H,H,H,H,H,H,H,H,A,A,A,H,H,H,H,H,H,H,A,A,A,A,A,A,H,H,H,A,A,H,H,H,H,H,H,-,-,H,-,H,-,H,-,-,H,H,H,A,H,H,H,A,A,A,A,A,H,H,-,A,A,A,A,A,-,A,-,A,A,-,A,H,H,H,A,H,H,H,H,H,H,H,H,H,H,H,H,H,H,H,H,H,H,H,H,H,A,A,A,A,B,B,B,B
91.7,male,1,A,A,A,A,H,H,-,-,H,H,H,H,-,H,H,H,A,A,A,A,A,A,A,A,H,H,H,H,A,A,H,H,A,A,A,A,A,A,-,-,-,A,-,-,A,A,-,A,-,-,-,-,A,A,A,H,H,-,H,H,H,H,H,A,A,A,A,-,A,A,H,H,H,H,H,A,A,A,A,-,A,H,H,H,H,H,A,A,A,A,A,A,A,H,H,H,A,A,A,H,H,H,H,H,H,-,-,H,-,H,-,H,-,-,H,H,H,H,H,H,A,A,A,A,A,A,A,A,-,A,A,A,A,A,-,A,-,A,A,-,A,A,A,A,A,H,H,H,H,H,A,H,H,H,H,H,H,H,H,H,H,H,H,A,H,H,A,A,A,A,B,B,A,A
93.1,male,1,A,A,H,-,H,H,-,-,H,H,H,H,-,H,H,H,H,-,-,H,H,H,H,H,H,H,A,A,A,A,A,A,A,A,A,A,A,A,-,-,-,A,-,-,A,A,-,A,-,-,-,-,A,A,A,A,A,-,A,A,A,A,A,A,A,A,A,-,A,A,H,H,H,H,H,H,A,A,A,-,A,A,A,A,A,A,A,A,H,H,H,H,H,H,H,H,H,H,H,A,A,A,A,A,H,-,-,H,-,H,-,H,-,-,H,A,A,A,H,A,A,A,A,A,A,A,A,A,-,A,A,A,A,A,-,A,-,A,A,-,A,A,A,H,A,H,H,H,H,H,A,A,A,A,A,H,H,H,H,H,H,H,H,H,A,A,A,A,H,H,B,A,A,A
89.3,male,1,H,H,H,-,H,H,-,-,H,H,H,H,-,H,H,H,H,-,-,H,H,H,A,A,A,A,A,H,H,A,H,A,A,A,A,H,A,A,-,-,-,A,-,-,A,A,-,A,-,-,-,-,A,A,H,H,A,-,A,A,A,H,H,H,H,H,A,-,A,A,H,A,A,A,A,A,A,A,H,-,A,H,H,H,H,H,H,H,H,H,H,H,A,A,A,A,A,A,H,A,H,H,H,A,H,-,-,H,-,H,-,H,-,-,H,H,A,A,H,H,A,A,A,H,H,H,H,H,-,A,A,A,A,A,-,A,-,A,A,A,H,H,H,H,H,H,H,H,H,H,H,H,H,H,H,H,H,H,H,H,H,A,A,A,A,H,H,H,H,H,A,A,A,A
88.8,male,1,A,A,H,-,H,H,-,-,H,H,H,H,-,H,H,A,A,-,-,A,A,A,H,H,A,A,H,H,H,H,H,A,A,H,H,H,H,H,-,-,-,H,-,-,H,H,-,H,-,-,-,-,H,H,H,H,A,-,A,A,A,A,A,H,H,H,H,-,H,H,A,A,H,H,H,H,H,H,A,-,H,H,H,H,H,H,H,H,A,A,A,A,A,A,H,H,A,A,A,A,A,A,A,A,A,A,A,A,A,A,-,A,-,-,A,A,A,A,A,H,H,H,H,A,A,A,H,H,-,H,H,H,H,H,-,H,-,H,H,-,H,H,H,H,A,A,A,A,A,A,A,A,A,A,A,A,A,A,A,A,A,A,A,A,H,H,H,H,H,H,B,A,A,A
88.9,male,1,A,A,A,-,A,A,-,-,A,A,A,A,A,H,H,H,H,-,-,H,H,H,H,H,H,H,A,A,A,A,H,H,H,H,H,H,H,H,-,-,-,H,-,-,H,H,-,H,-,-,-,-,H,H,H,H,H,-,H,H,H,H,A,A,A,A,A,-,A,A,A,A,A,A,A,A,A,A,A,-,A,H,H,H,H,H,H,H,A,A,A,A,A,A,A,A,A,A,A,H,H,A,A,A,H,-,-,H,-,H,-,H,-,-,H,H,H,H,H,A,A,A,A,A,A,H,H,H,-,H,H,H,H,A,-,A,-,A,A,-,A,A,A,A,H,H,H,H,H,H,H,H,H,H,H,H,H,H,A,A,A,A,A,A,H,H,H,H,A,A,A,A,A,A
92.8,male,1,H,H,A,-,A,A,-,-,A,A,A,A,-,A,A,A,A,-,-,A,A,A,H,H,H,H,H,A,A,A,A,A,A,A,A,A,A,A,-,-,-,A,A,A,H,H,-,H,-,-,-,-,H,H,H,H,H,-,H,H,H,H,H,H,H,H,H,-,H,A,A,A,A,A,A,A,A,A,A,-,A,A,H,H,H,H,A,A,A,A,A,A,A,A,H,H,H,H,H,A,A,A,A,A,A,-,-,A,-,A,-,A,-,-,A,A,A,A,H,H,H,H,H,A,H,H,H,H,-,H,H,H,H,A,-,A,-,A,A,H,H,H,H,H,H,H,H,H,H,H,H,H,H,H,H,H,H,H,H,H,A,A,H,H,H,H,H,A,A,A,A,A,A,A
92.3,male,1,H,A,A,-,A,A,-,-,A,A,A,A,-,A,A,A,A,-,-,A,A,A,H,A,H,H,A,A,A,A,H,A,A,A,A,A,H,H,-,-,-,H,-,-,H,H,-,H,-,-,-,-,H,H,H,H,A,H,H,H,H,H,H,H,H,H,H,-,H,H,A,A,A,A,A,A,A,A,A,-,A,H,H,H,H,H,H,H,A,A,A,A,A,A,A,A,A,A,A,H,H,A,A,A,H,-,-,H,-,H,-,H,-,-,H,H,A,H,H,H,H,H,A,H,A,A,H,H,-,H,A,A,A,A,-,A,-,A,A,-,A,A,H,H,A,A,A,A,A,A,H,H,H,H,H,H,H,H,H,H,H,H,A,A,H,H,A,A,A,A,A,A,A,A
89.6,male,1,A,A,A,-,A,A,-,-,A,A,A,A,-,A,A,A,A,-,-,A,A,A,H,A,H,H,H,H,H,H,A,A,A,A,A,A,H,H,-,-,-,H,-,-,H,H,-,H,-,-,-,-,H,H,H,H,H,-,H,H,H,H,H,H,H,H,H,-,H,H,H,H,H,H,H,A,A,A,A,-,A,H,H,H,H,H,H,H,H,A,A,A,A,A,A,A,A,A,A,H,H,H,H,H,A,-,-,A,-,A,A,H,-,-,H,H,A,H,A,A,A,A,A,A,A,A,A,A,-,H,H,H,H,H,-,H,-,H,H,-,H,H,H,H,H,H,H,H,H,H,H,H,H,H,H,H,H,H,H,H,A,A,A,A,A,A,H,H,H,H,A,A,A,A
93.3,male,1,H,H,H,-,H,H,-,-,H,H,H,H,-,H,H,H,H,-,-,H,H,H,H,A,A,A,A,A,A,A,A,A,A,H,H,H,A,A,-,-,-,A,-,-,A,A,-,A,-,-,-,-,A,A,A,A,A,-,A,A,A,A,H,H,H,H,H,-,H,H,A,A,A,A,A,A,A,A,A,-,A,A,A,A,A,A,A,A,A,A,A,A,A,A,H,H,H,H,A,H,H,A,A,A,A,-,-,A,-,A,-,A,-,-,A,A,A,H,H,H,H,H,H,A,A,A,H,H,-,H,H,H,H,A,-,A,-,A,A,H,H,H,H,H,A,A,A,H,A,A,A,A,A,A,A,A,A,A,A,A,H,H,A,A,A,H,H,H,H,H,A,A,A,A
91.1,male,1,A,A,A,-,A,A,-,-,A,H,H,H,-,H,H,H,H,-,-,H,H,H,H,H,H,H,H,H,A,A,A,A,A,A,A,A,H,H,-,-,-,H,-,-,H,H,-,H,-,-,-,-,H,H,H,A,H,-,H,H,H,H,H,H,H,H,H,-,H,H,H,H,A,A,A,A,A,A,A,-,A,H,H,H,H,H,A,A,A,A,A,A,H,H,A,A,A,A,A,H,H,A,A,A,A,-,-,A,-,A,-,A,-,-,A,A,A,H,A,A,A,H,H,A,A,A,H,H,-,A,H,H,H,A,-,A,-,A,A,-,A,A,H,H,A,A,A,A,H,H,A,A,A,A,A,A,A,A,A,A,A,H,A,A,A,A,A,A,A,A,A,A,A,A
93.2,male,1,H,H,H,-,H,H,-,-,H,H,H,H,-,H,H,H,H,-,-,H,H,H,A,A,A,A,H,H,A,A,A,A,A,A,A,A,A,A,-,-,-,A,-,-,A,A,-,A,-,-,-,-,A,A,A,A,H,-,H,H,H,H,A,A,A,A,A,-,A,A,A,A,A,A,A,A,A,A,A,-,A,H,H,H,H,H,H,H,A,A,A,A,A,A,H,H,H,H,H,A,A,A,A,A,H,-,-,H,-,H,-,H,H,H,A,A,A,H,A,H,H,H,H,H,H,H,A,A,-,A,A,A,A,A,-,A,-,A,A,-,A,H,H,H,A,A,A,A,A,A,A,A,A,A,A,A,A,A,A,H,H,H,A,A,A,A,H,A,A,A,A,A,A,A
92.7,male,1,H,H,H,-,H,H,-,-,H,H,H,H,-,H,H,H,H,H,A,A,A,A,H,H,H,H,A,A,A,A,A,A,A,A,A,A,H,H,-,-,-,H,-,-,H,H,-,H,-,-,-,-,H,H,H,H,H,-,H,H,H,H,H,H,H,H,H,-,H,H,A,A,A,A,A,H,H,H,H,-,H,H,H,H,H,H,H,H,H,H,H,A,A,A,A,A,A,A,A,H,H,H,A,A,A,-,-,A,-,A,-,A,-,-,A,H,H,H,H,H,H,H,H,A,A,A,H,H,-,A,A,A,H,H,-,H,-,H,H,-,H,H,H,H,A,A,A,A,A,A,A,A,A,A,A,A,A,A,H,H,H,H,A,A,A,A,H,H,A,A,A,A,B,B
92.4,male,1,H,H,H,-,H,H,-,-,H,H,H,H,-,H,H,H,H,-,-,H,H,H,A,A,A,A,A,A,H,H,H,A,A,A,A,A,H,H,-,-,-,H,-,-,H,H,-,H,-,-,-,-,H,H,H,H,H,-,H,H,H,H,H,H,H,H,H,-,H,H,H,A,A,A,A,A,H,H,H,-,H,A,A,A,A,A,A,A,A,A,A,H,H,H,A,A,H,H,H,H,H,A,A,A,A,-,-,A,-,A,-,A,-,-,A,A,H,H,H,H,H,H,H,A,A,A,H,H,-,A,A,A,A,H,-,H,-,H,H,-,H,H,H,H,H,H,H,H,H,H,A,A,A,A,A,A,A,A,A,A,A,H,A,H,H,H,H,H,H,A,A,A,B,B
91.6,male,1,H,H,H,-,H,H,-,-,H,H,H,H,H,A,A,A,A,-,-,A,A,A,A,A,A,H,H,H,H,H,A,H,H,H,H,A,A,A,-,-,-,A,-,-,A,A,-,A,-,-,-,-,A,A,H,H,A,-,A,A,A,A,A,H,H,H,H,-,H,H,A,A,A,A,A,A,A,A,A,-,A,H,H,H,A,A,A,A,H,H,H,H,A,A,A,A,A,H,H,A,A,H,H,H,A,A,A,H,-,H,-,H,-,-,H,H,H,A,H,H,H,H,H,H,H,H,A,A,-,A,H,H,A,A,-,A,-,A,A,A,H,H,H,H,H,H,H,H,H,H,H,H,H,H,H,H,H,H,H,H,A,A,H,H,H,H,A,A,A,A,A,A,A,A
82.7,male,1,H,H,H,-,H,H,-,-,H,H,H,H,-,H,H,H,H,-,-,H,H,H,H,H,H,H,H,H,H,A,H,A,A,A,A,A,H,H,-,-,-,H,A,A,A,A,-,A,-,-,-,-,A,A,A,A,A,H,H,H,H,H,H,H,H,H,H,-,H,H,H,A,A,A,A,H,H,H,H,-,H,H,H,H,H,H,H,H,H,H,H,H,H,H,A,A,A,H,H,H,H,A,A,A,A,-,-,A,-,A,-,A,-,-,A,H,H,H,H,H,H,H,H,H,H,H,A,A,-,H,H,H,H,H,-,H,-,H,H,-,H,A,A,A,A,A,A,A,A,H,A,A,A,A,A,A,A,A,A,A,A,A,H,H,H,H,A,A,H,H,A,A,A,A
93.5,male,1,H,H,H,-,H,H,-,-,H,H,H,H,-,H,H,H,A,A,A,A,A,A,H,H,H,H,H,H,A,A,H,H,H,H,H,H,A,A,-,-,-,A,-,-,A,A,-,A,-,-,-,-,A,A,A,A,A,H,H,H,H,H,H,H,H,A,A,-,A,A,H,H,H,H,H,H,H,H,H,-,H,H,H,H,A,A,A,A,H,H,H,H,H,H,H,H,H,H,H,A,H,H,H,H,H,-,-,H,-,H,-,H,-,-,H,H,A,A,A,A,A,A,A,H,H,H,H,H,-,A,A,A,A,H,-,H,-,H,H,-,H,A,A,A,A,A,A,A,A,A,H,H,H,H,H,H,H,H,H,H,H,H,H,A,A,A,H,H,H,H,A,A,A,A
87.8,male,1,A,H,H,-,H,H,-,-,H,H,H,H,-,H,H,H,H,-,-,H,H,A,H,H,H,H,H,A,A,A,A,A,A,A,A,A,H,H,-,-,-,H,-,-,H,H,-,H,-,-,-,-,H,H,H,H,A,-,A,A,A,A,A,A,A,A,A,-,A,A,H,H,A,A,A,A,A,A,A,-,A,A,A,A,A,A,H,A,H,H,H,H,A,A,A,H,H,H,A,A,A,H,H,H,A,A,A,H,-,H,-,H,-,-,H,A,A,A,A,A,H,H,H,H,H,H,H,H,-,A,A,A,A,H,-,H,-,H,H,-,H,H,H,H,H,A,A,A,A,A,H,H,H,H,H,H,H,H,H,H,H,H,A,A,A,A,H,A,A,A,A,A,A,A
92.3,male,1,H,H,H,-,H,H,-,-,H,H,H,H,-,H,H,H,H,-,-,H,H,H,H,H,A,A,A,A,A,A,A,A,A,H,H,H,H,H,-,-,-,H,-,-,H,H,-,H,-,-,-,-,H,H,H,H,A,-,A,A,A,A,A,A,A,A,A,-,A,A,H,A,A,A,A,A,A,A,H,H,H,H,H,A,A,A,A,H,A,H,H,H,H,H,A,A,A,A,A,H,H,H,A,A,H,-,-,H,-,H,-,H,-,-,H,H,H,H,A,A,A,A,A,H,H,H,H,H,-,A,A,A,A,H,-,H,-,H,H,-,H,H,H,H,A,A,A,A,A,A,H,H,H,H,H,H,H,H,H,H,H,H,A,A,A,A,H,H,H,A,B,B,A,A
90.3,male,1,H,H,H,-,H,H,-,-,H,H,H,H,-,H,H,H,H,-,-,H,H,H,H,H,H,H,H,H,H,H,H,A,A,A,A,A,H,H,-,-,-,H,-,-,H,H,-,H,-,-,-,-,H,H,H,H,H,-,H,A,A,A,A,A,A,H,H,-,H,H,A,A,A,A,A,A,A,A,A,-,A,H,H,H,H,H,A,A,A,A,H,H,H,A,H,H,H,H,H,H,H,A,A,A,H,-,-,H,-,H,-,H,-,-,H,H,H,H,H,H,H,H,H,A,A,A,H,H,-,A,H,H,H,H,-,H,-,H,H,-,H,H,H,H,H,A,A,A,A,A,H,H,H,H,H,H,H,H,A,A,A,A,H,H,A,A,A,H,H,H,B,B,A,A
93.5,male,1,A,A,A,-,A,A,-,-,A,A,A,A,-,A,A,A,A,-,-,A,A,A,H,H,H,H,H,H,A,A,A,A,A,A,A,A,H,H,-,-,-,H,-,-,H,H,-,H,-,-,-,-,H,H,H,H,A,-,A,A,A,A,A,A,A,A,A,-,A,A,H,A,A,A,A,A,A,A,A,-,A,A,A,A,A,A,A,A,A,A,A,A,H,H,H,H,H,H,H,H,H,H,H,H,A,H,H,H,-,H,-,H,-,-,H,H,H,H,A,A,A,A,A,A,A,A,A,A,-,A,A,A,A,A,-,A,-,A,A,-,A,A,A,A,H,H,H,H,H,H,A,A,A,A,A,A,A,A,A,A,A,A,A,A,A,A,H,H,H,H,B,B,B,B
107.1,male,1,-,-,A,-,A,A,-,-,A,-,-,A,-,A,-,A,A,-,-,A,-,-,-,-,-,A,A,-,-,-,-,H,-,-,-,-,-,H,-,-,-,H,-,-,H,H,-,H,-,-,-,-,H,H,H,-,A,-,A,-,-,-,-,-,-,-,H,-,H,-,-,-,-,H,-,H,-,H,-,A,A,-,-,-,-,A,-,-,-,-,-,-,-,-,-,-,-,-,-,-,-,-,-,-,A,-,-,A,-,A,-,A,-,-,A,-,-,-,-,-,-,-,A,-,-,-,-,-,-,-,-,-,-,H,-,H,-,H,H,-,H,-,-,-,-,-,-,-,-,-,-,-,-,-,-,-,-,-,H,-,-,-,-,-,-,-,-,-,-,-,-,-,-,-
96.1,male,1,-,-,A,-,A,A,-,-,A,-,-,A,-,A,-,H,H,-,-,H,-,-,-,-,-,A,A,-,-,-,-,H,-,-,-,-,-,A,H,H,H,H,-,-,H,H,-,H,-,-,-,-,H,H,H,-,A,-,A,-,-,-,-,-,-,-,H,-,H,-,-,-,-,H,-,H,-,A,-,-,A,-,-,-,-,H,-,-,-,-,-,-,-,-,-,-,-,-,-,-,-,-,-,-,A,-,-,A,-,A,-,A,-,-,A,-,-,-,-,-,-,-,A,-,-,-,-,-,-,-,-,-,-,H,-,H,-,H,H,-,H,-,-,-,-,-,-,-,-,-,-,-,-,-,-,-,-,-,H,-,-,-,-,-,-,-,-,-,-,-,-,-,-,-
96.8,male,1,-,-,A,-,A,A,-,-,A,-,-,A,-,A,-,A,A,-,-,A,-,-,-,-,-,A,A,-,-,-,-,H,-,-,-,-,-,A,-,-,-,A,-,-,A,A,-,A,-,-,-,-,A,A,A,-,A,-,A,-,-,-,-,-,-,-,H,-,H,-,-,-,-,H,-,H,-,H,-,-,H,-,-,-,-,H,-,-,-,-,-,-,-,-,-,-,-,-,-,-,-,-,-,-,A,-,-,A,-,A,-,A,-,-,A,-,-,-,-,-,-,-,A,-,-,-,-,-,-,-,-,-,-,H,-,H,-,H,H,-,H,-,-,-,-,-,-,-,-,-,-,-,-,-,-,-,-,-,A,-,-,-,-,-,-,-,-,-,-,-,-,-,-,-
95.1,male,1,-,-,H,-,H,H,-,-,H,-,-,H,-,H,-,H,H,-,-,H,-,-,-,-,-,H,A,-,-,-,-,H,-,-,-,-,-,H,-,-,-,H,-,-,H,H,-,H,-,-,-,-,H,H,A,-,A,-,A,-,-,-,-,-,-,-,H,-,H,-,-,-,-,H,-,H,-,H,-,-,H,-,-,-,-,A,-,-,-,-,-,-,-,-,-,-,-,-,-,-,-,-,-,-,A,-,-,A,-,A,A,A,A,A,H,-,-,-,-,-,-,-,A,-,-,-,-,-,-,-,-,-,-,H,-,H,-,H,H,-,H,-,-,-,-,-,-,-,-,-,-,-,-,-,-,-,-,-,A,-,-,-,-,-,-,-,-,-,-,-,-,-,-,-
94.6,male,1,-,-,A,-,A,A,-,-,A,-,-,A,-,A,-,A,A,-,-,A,-,-,-,-,-,H,H,-,-,-,-,A,-,-,-,-,-,H,-,-,-,H,-,-,H,H,-,H,-,-,-,-,H,H,H,-,A,-,A,-,-,-,-,-,-,-,A,-,A,-,-,-,-,H,-,H,-,H,-,-,H,-,-,-,-,A,-,-,-,-,-,-,-,-,-,-,-,-,-,-,-,-,-,-,A,-,-,A,-,A,A,A,A,A,A,-,-,-,-,-,-,-,H,-,-,-,-,-,-,-,-,-,-,H,-,H,-,H,H,-,H,-,-,-,-,-,-,-,-,-,-,-,-,-,-,-,-,-,A,-,-,-,-,-,-,-,-,-,-,-,-,-,-,-
105.9,male,1,-,-,A,-,A,A,-,-,A,-,-,A,-,A,-,A,A,-,-,A,-,-,-,-,-,H,H,-,-,-,-,H,-,-,-,-,-,A,-,-,-,A,-,-,A,A,A,H,-,-,-,-,H,H,H,-,H,-,H,-,-,-,-,-,-,-,H,-,H,-,-,-,-,A,-,A,-,H,-,-,H,-,-,-,-,H,-,-,-,-,-,-,-,-,-,-,-,-,-,-,-,-,-,-,H,H,H,A,A,A,-,A,-,-,A,-,-,-,-,-,-,-,H,-,-,-,-,-,-,-,-,-,-,A,-,A,-,A,A,-,A,-,-,-,-,-,-,-,-,-,-,-,-,-,-,-,-,-,A,-,-,-,-,-,-,-,-,-,-,-,-,-,-,-
96.8,male,1,-,-,H,H,A,A,-,-,A,-,-,A,-,A,-,A,A,-,-,A,-,-,-,-,-,H,H,-,-,-,-,A,-,-,-,-,-,H,-,-,-,H,-,-,H,H,-,H,-,-,-,-,H,H,H,-,H,-,H,-,-,-,-,-,-,-,A,-,A,-,-,-,-,A,-,A,-,A,-,-,A,-,-,-,-,A,-,-,-,-,-,-,-,-,-,-,-,-,-,-,-,-,-,-,A,-,-,A,-,A,-,A,-,-,A,-,-,-,-,-,-,-,H,-,-,-,-,-,-,-,-,-,-,A,-,A,-,A,A,-,A,-,-,-,-,-,-,-,-,-,-,-,-,-,-,-,-,-,A,-,-,-,-,-,-,-,-,-,-,-,-,-,-,-
106,male,1,-,-,A,-,A,A,-,-,A,-,-,A,-,A,-,A,A,-,-,A,-,-,-,-,-,A,A,-,-,-,-,H,-,-,-,-,-,A,-,-,-,A,-,-,A,A,-,A,-,-,-,-,A,A,A,-,H,-,H,-,-,-,-,-,-,-,H,-,H,-,-,-,-,A,-,A,-,A,-,-,A,-,-,-,-,A,-,-,-,-,-,-,-,-,-,-,-,-,-,-,-,-,-,-,A,-,-,A,-,A,A,A,A,A,H,-,-,-,-,-,-,-,H,-,-,-,-,-,-,-,-,-,-,H,-,H,-,H,H,-,H,-,-,-,-,-,-,-,-,-,-,-,-,-,-,-,-,-,A,-,-,-,-,-,-,-,-,-,-,-,-,-,-,-
107.1,male,1,-,-,H,-,H,H,-,-,H,-,-,H,-,H,-,A,A,-,-,A,-,-,-,-,-,H,H,-,-,-,-,H,-,-,-,-,-,A,-,-,-,A,-,-,A,A,-,A,-,-,-,-,A,A,A,-,H,-,H,-,-,-,-,-,-,-,A,A,H,-,-,-,-,H,-,H,-,H,-,A,A,-,-,-,-,A,-,-,-,-,-,-,-,-,-,-,-,-,-,-,-,-,-,-,A,-,-,A,-,A,A,H,H,H,H,-,-,-,-,-,-,-,A,-,-,-,-,-,-,-,-,-,-,H,-,H,-,H,H,-,H,-,-,-,-,-,-,-,-,-,-,-,-,-,-,-,-,-,A,-,-,-,-,-,-,-,-,-,-,-,-,-,-,-
96,male,1,-,-,A,-,A,A,-,-,A,-,-,A,H,H,-,H,H,-,-,H,-,-,-,-,-,A,A,-,-,-,-,H,-,-,-,-,-,H,-,-,-,H,-,-,H,A,H,H,-,-,-,-,H,H,H,-,A,-,A,-,-,-,-,-,-,-,A,-,A,-,-,-,-,H,-,H,-,H,-,-,H,-,-,-,-,H,-,-,-,-,-,-,-,-,-,-,-,-,-,-,-,-,-,-,H,-,-,H,-,H,-,H,-,-,H,-,-,-,-,-,-,-,H,-,-,-,-,-,-,-,-,-,-,A,-,A,-,H,H,-,H,-,-,-,-,-,-,-,-,-,-,-,-,-,-,-,-,-,H,-,-,-,-,-,-,-,-,-,-,-,-,-,-,-
104.3,male,1,-,-,A,-,A,A,A,A,A,-,-,H,-,H,-,H,H,-,-,H,-,-,-,-,-,A,A,-,-,-,-,A,-,-,-,-,-,A,-,-,-,A,-,-,A,A,A,A,-,-,-,-,A,A,A,-,H,-,H,-,-,-,-,-,-,-,A,-,A,-,-,-,-,A,-,A,-,H,-,-,H,-,-,-,-,H,-,-,-,-,-,-,-,-,-,-,-,-,-,-,-,-,-,-,H,-,-,H,-,H,-,H,-,-,H,-,-,-,-,-,-,-,H,-,-,-,-,-,-,-,-,-,-,H,-,H,-,H,H,-,H,-,-,-,-,-,-,-,-,-,-,-,-,-,-,-,-,-,A,-,-,-,-,-,-,-,-,-,-,-,-,-,-,-
100,male,1,-,-,H,-,H,H,H,H,H,-,-,A,-,A,-,A,A,-,-,A,-,-,-,-,-,A,A,-,-,-,-,A,-,-,-,-,-,H,-,-,-,H,-,-,H,H,-,H,-,-,-,-,H,H,H,-,A,-,A,-,-,-,-,-,-,-,A,-,A,-,-,-,-,A,-,A,-,H,-,-,H,-,-,-,-,A,-,-,-,-,-,-,-,-,-,-,-,-,-,-,-,-,-,-,H,-,-,H,-,H,H,H,H,H,A,-,-,-,-,-,-,-,H,-,-,-,-,-,-,-,-,-,-,A,-,A,A,H,H,-,H,-,-,-,-,-,-,-,-,-,-,-,-,-,-,-,-,-,A,-,-,-,-,-,-,-,-,-,-,-,-,-,-,-
109.4,male,1,-,-,A,-,A,A,-,-,A,-,-,A,-,A,-,A,A,-,-,A,-,-,-,-,-,A,A,-,-,-,-,A,-,-,-,-,-,A,-,-,-,A,A,A,A,A,-,A,-,-,-,-,A,A,A,-,H,A,A,-,-,-,-,-,-,-,A,-,A,-,-,-,-,A,-,A,-,A,-,-,A,-,-,-,-,H,-,-,-,-,-,-,-,-,-,-,-,-,-,-,-,-,-,-,H,H,A,A,A,A,A,A,A,A,A,-,-,-,-,-,-,-,H,-,-,-,-,-,-,-,-,-,-,A,-,A,-,A,A,-,A,-,-,-,-,-,-,-,-,-,-,-,-,-,-,-,-,-,H,-,-,-,-,-,-,-,-,-,-,-,-,-,-,-
108.5,male,1,-,-,A,-,A,A,A,A,A,-,-,H,-,H,-,H,H,-,-,H,-,-,-,-,-,A,A,-,-,-,-,H,-,-,-,-,-,A,-,-,-,A,-,-,A,A,-,A,-,-,-,-,A,A,A,-,H,-,H,-,-,-,-,-,-,-,H,-,H,-,-,-,-,H,-,H,-,H,-,-,H,-,-,-,-,A,-,-,-,-,-,-,-,-,-,-,-,-,-,-,-,-,-,-,H,-,-,H,-,H,-,H,-,-,H,-,-,-,-,-,-,-,H,-,-,-,-,-,-,-,-,-,-,H,-,H,-,H,H,A,A,-,-,-,-,-,-,-,-,-,-,-,-,-,-,-,-,-,H,-,-,-,-,-,-,-,-,-,-,-,-,-,-,-
98.2,male,1,-,-,H,-,H,H,-,-,H,-,-,H,-,H,-,H,H,-,-,H,-,-,-,-,-,H,H,-,-,-,-,A,-,-,-,-,-,A,-,-,-,A,A,A,H,A,-,A,-,-,-,-,A,A,A,-,H,-,H,-,-,-,-,-,-,-,H,-,H,-,-,-,-,A,-,A,-,A,-,-,A,-,-,-,-,A,-,-,-,-,-,-,-,-,-,-,-,-,-,-,-,-,-,-,H,-,-,H,-,H,-,H,-,-,H,-,-,-,-,-,-,-,A,-,-,-,-,-,-,-,-,-,-,H,-,H,-,H,H,-,H,-,-,-,-,-,-,-,-,-,-,-,-,-,-,-,-,-,A,-,-,-,-,-,-,-,-,-,-,-,-,-,-,-
97.7,male,1,-,-,H,-,H,H,-,-,H,-,-,H,-,H,-,H,H,H,A,A,-,-,-,-,-,A,A,-,-,-,-,H,-,-,-,-,-,H,H,H,H,H,H,H,H,H,H,A,-,-,-,-,A,A,A,-,H,-,H,-,-,-,-,-,-,-,A,-,A,-,-,-,-,A,-,A,-,A,-,-,A,-,-,-,-,A,-,-,-,-,-,-,-,-,-,-,-,-,-,-,-,-,-,-,H,-,-,H,-,H,H,H,H,H,A,-,-,-,-,-,-,-,A,-,-,-,-,-,-,-,-,-,-,H,-,H,-,H,H,-,H,-,-,-,-,-,-,-,-,-,-,-,-,-,-,-,-,-,A,-,-,-,-,-,-,-,-,-,-,-,-,-,-,-
102.7,male,1,-,-,A,-,A,A,A,A,H,-,-,H,-,H,-,H,H,-,-,H,-,-,-,-,-,A,H,-,-,-,-,H,-,-,-,-,-,H,-,-,-,H,H,H,H,H,-,H,-,-,-,-,H,H,A,-,A,-,A,-,-,-,-,-,-,-,A,-,A,-,-,-,-,A,-,A,-,A,-,H,H,-,-,-,-,H,-,-,-,-,-,-,-,-,-,-,-,-,-,-,-,-,-,-,A,-,-,A,-,A,-,A,-,-,A,-,-,-,-,-,-,-,A,-,-,-,-,-,-,-,-,-,-,H,-,H,-,H,H,-,H,-,-,-,-,-,-,-,-,-,-,-,-,-,-,-,-,-,A,-,-,-,-,-,-,-,-,-,-,-,-,-,-,-
106.2,male,1,-,-,A,-,A,A,-,-,A,-,-,A,-,A,-,A,A,-,-,A,-,-,-,-,-,H,H,-,-,-,-,H,-,-,-,-,-,A,-,-,-,A,-,-,A,A,-,A,A,A,A,A,H,H,H,-,H,-,H,-,-,-,-,-,-,-,A,-,A,-,-,-,-,A,-,A,-,A,-,-,A,-,-,-,-,H,-,-,-,-,-,-,-,-,-,-,-,-,-,-,-,-,-,-,A,-,-,A,-,A,-,A,-,-,A,-,-,-,-,-,-,-,H,-,-,-,-,-,-,-,-,-,-,H,-,H,-,H,H,-,H,-,-,-,-,-,-,-,-,-,-,-,-,-,-,-,-,-,A,-,-,-,-,-,-,-,-,-,-,-,-,-,-,-
100.2,male,1,-,-,A,-,A,A,A,A,A,-,-,H,-,H,-,H,H,-,-,H,-,-,-,-,-,H,H,-,-,-,-,H,-,-,-,-,-,H,-,-,-,H,-,-,H,H,-,H,-,-,-,-,H,H,A,-,A,-,A,-,-,-,-,-,-,-,H,-,H,-,-,-,-,A,-,A,-,H,-,-,H,-,-,-,-,H,-,-,-,-,-,-,-,-,-,-,-,-,-,-,-,-,-,-,A,H,H,H,H,H,-,H,-,-,H,-,-,-,-,-,-,-,H,-,-,-,-,-,-,-,-,-,-,A,-,A,-,A,A,-,A,-,-,-,-,-,-,-,-,-,-,-,-,-,-,-,-,-,H,-,-,-,-,-,-,-,-,-,-,-,-,-,-,-
93.8,male,1,-,-,A,-,A,A,-,-,A,-,-,A,-,A,-,A,A,A,A,H,-,-,-,-,-,H,H,-,-,-,-,H,-,-,-,-,-,H,-,-,-,H,-,-,H,H,-,H,-,-,-,-,H,H,H,-,A,-,A,-,-,-,-,-,-,-,H,-,H,-,-,-,-,H,-,H,-,H,-,-,H,-,-,-,-,A,-,-,-,-,-,-,-,-,-,-,-,-,-,-,-,-,-,-,H,-,-,H,-,H,-,H,-,-,H,-,-,-,-,-,-,-,H,-,-,-,-,-,-,-,-,-,-,H,-,H,-,H,H,-,H,-,-,-,-,-,-,-,-,-,-,-,-,-,-,-,-,-,H,-,-,-,-,-,-,-,-,-,-,-,-,-,-,-
102.7,male,1,-,-,A,-,A,A,A,A,H,-,-,H,-,H,-,H,H,-,-,H,-,-,-,-,-,A,A,-,-,-,-,H,-,-,-,-,-,A,-,-,-,A,-,-,A,A,-,A,-,-,-,-,A,A,H,-,A,-,A,-,-,-,-,-,-,-,H,-,H,-,-,-,-,H,-,H,-,A,-,-,A,-,-,-,-,H,-,-,-,-,-,-,-,-,-,-,-,-,-,-,-,-,-,-,H,-,-,H,-,H,H,H,H,H,A,-,-,-,-,-,-,-,A,-,-,-,-,-,-,-,-,-,-,H,-,H,-,H,H,-,H,-,-,-,-,-,-,-,-,-,-,-,-,-,-,-,-,-,A,-,-,-,-,-,-,-,-,-,-,-,-,-,-,-
102.4,male,1,-,-,H,-,H,H,-,-,H,-,-,H,-,H,-,H,H,-,-,H,-,-,-,-,-,A,A,-,-,-,-,A,-,-,-,-,-,H,-,-,-,H,-,-,H,H,-,H,-,-,-,-,H,H,H,-,H,-,H,-,-,-,-,-,-,-,A,-,A,-,-,-,-,A,-,A,-,A,-,-,A,-,-,-,-,A,-,-,-,-,-,-,-,-,-,-,-,-,-,-,-,-,-,-,A,-,-,A,-,A,-,A,-,-,A,-,-,-,-,-,-,-,H,-,-,-,-,-,-,-,-,-,-,H,-,A,-,A,A,-,H,-,-,-,-,-,-,-,-,-,-,-,-,-,-,-,-,-,H,-,-,-,-,-,-,-,-,-,-,-,-,-,-,-
106.1,male,1,-,-,H,-,H,H,-,-,H,-,-,H,-,H,-,H,H,-,-,H,-,-,-,-,-,A,A,-,-,-,-,H,-,-,-,-,-,A,-,-,-,A,-,-,A,A,-,A,-,-,-,-,A,A,A,-,A,-,A,-,-,-,-,-,-,-,H,-,H,-,-,-,-,H,-,H,-,H,-,-,H,-,-,-,-,H,-,-,-,-,-,-,-,-,-,-,-,-,-,-,-,-,-,-,A,-,-,A,-,A,-,A,-,-,A,-,-,-,-,-,-,-,H,-,-,-,-,-,-,-,-,-,-,A,-,A,-,A,A,H,H,-,-,-,-,-,-,-,-,-,-,-,-,-,-,-,-,-,H,-,-,-,-,-,-,-,-,-,-,-,-,-,-,-
95.4,male,1,-,-,A,H,H,H,-,-,H,-,-,H,-,H,-,H,H,-,-,H,-,-,-,-,-,A,A,-,-,-,-,H,-,-,-,-,-,H,-,-,-,H,-,-,H,H,-,H,-,-,-,-,H,H,H,-,A,-,A,-,-,-,-,-,-,-,A,-,A,-,-,-,-,A,-,A,-,A,-,-,A,-,-,-,-,A,-,-,-,-,-,-,-,-,-,-,-,-,-,-,-,-,-,-,H,-,-,H,-,H,-,H,-,-,H,-,-,-,-,-,-,-,A,-,-,-,-,-,-,-,-,-,-,H,-,H,-,H,H,-,H,-,-,-,-,-,-,-,-,-,-,-,-,-,-,-,-,-,A,-,-,-,-,-,-,-,-,-,-,-,-,-,-,-
106.5,male,1,-,-,A,-,A,A,-,-,A,-,-,A,-,A,-,A,A,-,-,A,-,-,-,-,-,H,H,-,-,-,-,H,-,-,-,-,-,A,-,-,-,A,H,H,H,H,-,H,A,A,A,A,A,A,A,-,H,-,H,-,-,-,-,-,-,-,H,-,H,-,-,-,-,H,-,H,-,H,-,-,H,-,-,-,-,H,-,-,-,-,-,-,-,-,-,-,-,-,-,-,-,-,-,-,H,-,-,H,-,H,H,H,H,H,A,-,-,-,-,-,-,-,H,-,-,-,-,-,-,-,-,-,-,H,-,H,-,H,H,-,H,-,-,-,-,-,-,-,-,-,-,-,-,-,-,-,-,-,A,-,-,-,-,-,-,-,-,-,-,-,-,-,-,-
96.9,male,1,-,-,H,-,H,H,-,-,H,-,-,H,-,H,-,A,H,H,H,H,-,-,-,-,-,A,A,-,-,-,-,A,-,-,-,-,-,A,-,-,-,A,-,-,A,A,-,A,-,-,-,-,A,H,H,-,A,-,H,-,-,-,-,-,-,-,H,-,H,-,-,-,-,H,-,A,-,H,-,H,A,-,-,-,-,A,-,-,-,-,-,-,-,-,-,-,-,-,-,-,-,-,-,-,H,H,H,H,H,A,H,H,H,H,H,-,-,-,-,-,-,-,A,-,-,-,-,-,-,-,-,-,-,H,-,H,-,H,H,-,H,-,-,-,-,-,-,-,-,-,-,-,-,-,-,-,-,-,H,-,-,-,-,-,-,-,-,-,-,-,-,-,-,-
94.2,male,1,-,-,H,-,H,H,-,-,H,-,-,H,-,H,-,H,H,-,-,H,-,-,-,-,-,A,A,-,-,-,-,A,-,-,-,-,-,A,-,-,-,A,-,-,A,A,-,A,-,-,-,-,A,A,A,-,A,-,A,-,-,-,-,-,-,-,A,-,A,-,-,-,-,H,-,H,-,H,-,-,H,-,-,-,-,H,-,-,-,-,-,-,-,-,-,-,-,-,-,-,-,-,-,-,H,-,-,H,-,H,-,H,-,-,H,-,-,-,-,-,-,-,A,-,-,-,-,-,-,-,-,-,-,A,-,A,-,A,A,-,A,-,-,-,-,-,-,-,-,-,-,-,-,-,-,-,-,-,H,-,-,-,-,-,-,-,-,-,-,-,-,-,-,-
94.5,male,1,-,-,H,-,H,H,H,H,H,-,-,A,-,A,-,A,A,-,-,A,-,-,-,-,-,H,H,-,-,-,-,H,-,-,-,-,-,H,-,-,-,H,-,-,H,H,-,H,-,-,-,-,H,H,H,-,H,-,H,-,-,-,-,-,-,-,A,-,A,-,-,-,-,A,-,A,-,A,-,-,A,-,-,-,-,H,-,-,-,-,-,-,-,-,-,-,-,-,-,-,-,-,-,-,A,-,-,A,-,A,-,A,-,-,A,-,-,-,-,-,-,-,H,-,-,-,-,-,-,-,-,-,-,H,-,H,-,H,H,-,H,-,-,-,-,-,-,-,-,-,-,-,-,-,-,-,-,-,A,-,-,-,-,-,-,-,-,-,-,-,-,-,-,-
97.8,male,1,-,-,A,-,A,A,A,A,A,-,-,H,-,H,-,H,H,-,-,H,-,-,-,-,-,A,A,-,-,-,-,H,-,-,-,-,-,A,-,-,-,A,-,-,A,A,-,A,-,-,-,-,A,A,H,-,A,-,A,-,-,-,-,-,-,-,A,-,A,-,-,-,-,A,-,H,-,H,-,-,H,-,-,-,-,A,-,-,-,-,-,-,-,-,-,-,-,-,-,-,-,-,-,-,H,-,-,H,-,H,-,H,-,-,H,-,-,-,-,-,-,-,A,-,-,-,-,-,-,-,-,-,-,A,-,A,H,H,H,-,H,-,-,-,-,-,-,-,-,-,-,-,-,-,-,-,-,-,H,-,-,-,-,-,-,-,-,-,-,-,-,-,-,-
101.8,male,1,-,-,A,-,A,A,A,A,A,-,-,H,-,H,-,H,H,-,-,H,-,-,-,-,-,A,A,-,-,-,-,H,-,-,-,-,-,A,-,-,-,A,-,-,A,A,-,A,-,-,-,-,A,A,A,-,H,-,H,-,-,-,-,-,-,-,H,-,H,-,-,-,-,A,-,A,-,A,-,-,A,-,-,-,-,H,-,-,-,-,-,-,-,-,-,-,-,-,-,-,-,-,-,-,A,-,-,A,-,A,-,A,-,-,A,-,-,-,-,-,-,-,H,-,-,-,-,-,-,-,-,-,-,A,-,A,-,A,A,H,H,-,-,-,-,-,-,-,-,-,-,-,-,-,-,-,-,-,H,-,-,-,-,-,-,-,-,-,-,-,-,-,-,-
104.5,male,1,-,-,H,-,H,H,H,H,H,-,-,A,-,A,-,A,A,-,-,A,-,-,-,-,-,H,H,-,-,-,-,A,-,-,-,-,-,H,-,-,-,H,-,-,H,H,-,H,A,A,A,A,A,A,A,-,H,-,H,-,-,-,-,-,-,-,H,-,H,-,-,-,-,H,-,H,-,H,-,-,H,-,-,-,-,A,-,-,-,-,-,-,-,-,-,-,-,-,-,-,-,-,-,-,H,-,-,H,-,H,-,H,-,-,H,-,-,-,-,-,-,-,H,-,-,-,-,-,-,-,-,-,-,H,-,H,-,H,H,-,H,-,-,-,-,-,-,-,-,-,-,-,-,-,-,-,-,-,H,-,-,-,-,-,-,-,-,-,-,-,-,-,-,-
104.8,male,1,-,-,A,-,A,A,-,-,A,-,-,A,-,A,-,A,A,-,-,A,-,-,-,-,-,A,A,-,-,-,-,A,-,-,-,-,-,A,-,-,-,A,-,-,A,A,-,A,-,-,-,-,A,A,A,-,H,-,H,-,-,-,-,-,-,-,A,-,A,-,-,-,-,A,-,H,-,H,-,-,H,-,-,-,-,A,-,-,-,-,-,-,-,-,-,-,-,-,-,-,-,-,-,-,A,-,-,A,-,A,-,A,-,-,A,-,-,-,-,-,-,-,A,-,-,-,-,-,-,-,-,-,-,H,-,H,-,H,H,-,H,-,-,-,-,-,-,-,-,-,-,-,-,-,-,-,-,-,H,-,-,-,-,-,-,-,-,-,-,-,-,-,-,-
96,male,1,-,-,H,-,H,H,-,-,H,-,-,H,-,H,-,H,H,-,-,H,-,-,-,-,-,H,H,-,-,-,-,A,-,-,-,-,-,A,-,-,-,A,-,-,A,A,-,A,-,-,-,-,A,A,A,-,A,-,H,-,-,-,-,-,-,-,H,-,H,-,-,-,-,H,-,H,-,A,-,-,A,-,-,-,-,H,-,-,-,-,-,-,-,-,-,-,-,-,-,-,-,-,-,-,H,-,-,H,-,H,-,H,-,-,H,-,-,-,-,-,-,-,H,-,-,-,-,-,-,-,-,-,-,A,-,A,-,A,A,A,H,-,-,-,-,-,-,-,-,-,-,-,-,-,-,-,-,-,H,-,-,-,-,-,-,-,-,-,-,-,-,-,-,-
97.5,male,1,-,-,H,-,H,H,-,-,H,-,-,H,-,H,-,H,H,-,-,H,-,-,-,-,-,H,H,-,-,-,-,A,-,-,-,-,-,A,-,-,-,A,-,-,A,A,-,A,-,-,-,-,A,A,H,-,H,-,H,-,-,-,-,-,-,-,H,-,H,-,-,-,-,A,-,A,-,A,-,-,A,-,-,-,-,A,-,-,-,-,-,-,-,-,-,-,-,-,-,-,-,-,-,-,A,-,-,A,-,A,-,A,-,-,A,-,-,-,-,-,-,-,H,-,-,-,-,-,-,-,-,-,-,A,-,A,-,A,A,H,H,-,-,-,-,-,-,-,-,-,-,-,-,-,-,-,-,-,A,-,-,-,-,-,-,-,-,-,-,-,-,-,-,-
101.2,male,1,-,-,H,-,H,H,-,-,H,-,-,H,-,H,-,H,H,-,-,H,-,-,-,-,-,A,A,-,-,-,-,H,-,-,-,-,-,A,-,-,-,A,-,-,A,A,-,A,-,-,-,-,A,A,A,-,H,-,H,-,-,-,-,-,-,-,A,-,A,-,-,-,-,H,-,H,-,H,-,-,H,-,-,-,-,A,-,-,-,-,-,-,-,-,-,-,-,-,-,-,-,-,-,-,A,-,-,A,-,A,A,H,H,H,H,-,-,-,-,-,-,-,A,-,-,-,-,-,-,-,-,-,-,A,-,A,-,A,A,-,A,-,-,-,-,-,-,-,-,-,-,-,-,-,-,-,-,-,A,-,-,-,-,-,-,-,-,-,-,-,-,-,-,-
95.6,male,1,-,-,H,-,H,H,-,-,H,-,-,H,-,H,-,H,H,-,-,H,-,-,-,-,-,H,H,-,-,-,-,A,-,-,-,-,-,H,-,-,-,H,-,-,H,H,-,H,-,-,-,-,H,H,H,-,H,-,H,-,-,-,-,-,-,-,A,-,A,-,-,-,-,A,-,A,-,A,-,-,A,-,-,-,-,H,-,-,-,-,-,-,-,-,-,-,-,-,-,-,-,-,-,-,A,-,-,A,-,A,-,A,-,-,A,-,-,-,-,-,-,-,H,-,-,-,-,-,-,-,-,-,-,A,-,A,-,A,A,H,H,-,-,-,-,-,-,-,-,-,-,-,-,-,-,-,-,-,H,-,-,-,-,-,-,-,-,-,-,-,-,-,-,-
101.7,male,1,-,-,A,-,A,A,A,A,A,-,-,H,-,H,-,H,H,-,-,H,-,-,-,-,-,A,A,-,-,-,-,H,-,-,-,-,-,A,-,-,-,A,-,-,A,A,-,A,-,-,-,-,A,H,H,-,A,-,A,-,-,-,-,-,-,-,A,-,A,-,-,-,-,A,-,A,-,A,-,-,A,-,-,-,-,A,-,-,-,-,-,-,-,-,-,-,-,-,-,-,-,-,-,-,H,-,-,H,-,H,H,H,H,A,A,-,-,-,-,-,-,-,H,-,-,-,-,-,-,-,-,-,-,A,-,A,-,A,A,H,H,-,-,-,-,-,-,-,-,-,-,-,-,-,-,-,-,-,H,-,-,-,-,-,-,-,-,-,-,-,-,-,-,-
102.6,male,1,-,-,A,-,A,A,-,-,A,-,-,A,-,A,-,A,A,-,-,A,-,-,-,-,-,H,H,-,-,-,-,A,-,-,-,-,-,A,H,H,H,H,H,H,A,A,-,A,-,-,-,-,A,A,A,-,A,-,A,-,-,-,-,-,-,-,H,-,H,-,-,-,-,H,-,H,-,H,-,-,H,-,-,-,-,A,-,-,-,-,-,-,-,-,-,-,-,-,-,-,-,-,-,-,H,-,-,H,-,H,-,H,-,-,H,-,-,-,-,-,-,-,H,-,-,-,-,-,-,-,-,-,-,H,-,H,-,H,H,-,H,-,-,-,-,-,-,-,-,-,-,-,-,-,-,-,-,-,A,-,-,-,-,-,-,-,-,-,-,-,-,-,-,-
97.4,male,1,-,-,H,-,H,H,-,-,H,-,-,H,-,H,-,H,H,-,-,H,-,-,-,-,-,H,H,-,-,-,-,A,-,-,-,-,-,A,-,-,-,A,-,-,A,A,-,A,-,-,-,-,A,H,H,-,A,-,A,-,-,-,-,-,-,-,H,-,H,-,-,-,-,A,-,A,-,A,-,-,A,-,-,-,-,H,-,-,-,-,-,-,-,-,-,-,-,-,-,-,-,-,-,-,A,-,-,A,-,A,-,A,-,-,A,-,-,-,-,-,-,-,A,-,-,-,-,-,-,-,-,-,-,H,-,H,-,H,H,-,H,-,-,-,-,-,-,-,-,-,-,-,-,-,-,-,-,-,H,-,-,-,-,-,-,-,-,-,-,-,-,-,-,-
95,male,1,-,-,A,-,A,A,A,A,A,-,-,H,-,H,-,H,H,-,-,H,-,-,-,-,-,H,H,-,-,-,-,H,-,-,-,-,-,H,-,-,-,H,-,-,H,H,H,A,-,-,-,-,A,A,A,-,H,-,H,-,-,-,-,-,-,-,A,-,A,-,-,-,-,A,-,A,-,A,-,-,A,-,-,-,-,A,-,-,-,-,-,-,-,-,-,-,-,-,-,-,-,-,-,-,A,-,-,A,-,A,-,A,-,-,A,-,-,-,-,-,-,-,H,-,-,-,-,-,-,-,-,-,-,H,-,H,-,H,A,-,A,-,-,-,-,-,-,-,-,-,-,-,-,-,-,-,-,-,H,-,-,-,-,-,-,-,-,-,-,-,-,-,-,-
97,male,1,-,-,A,-,A,A,-,-,A,-,-,A,-,A,-,A,A,-,-,A,-,-,-,-,-,A,A,-,-,-,-,A,-,-,-,-,-,H,-,-,-,H,-,-,H,H,-,H,-,-,-,-,H,H,H,-,H,-,H,-,-,-,-,-,-,-,H,-,H,-,-,-,-,A,-,H,-,H,-,-,H,-,-,-,-,A,-,-,-,-,-,-,-,-,-,-,-,-,-,-,-,-,-,-,H,-,-,H,-,H,-,H,-,-,H,-,-,-,-,-,-,-,A,-,-,-,-,-,-,-,-,-,-,H,-,H,-,H,H,-,H,-,-,-,-,-,-,-,-,-,-,-,-,-,-,-,-,-,A,-,-,-,-,-,-,-,-,-,-,-,-,-,-,-
96.6,male,1,-,-,A,-,A,A,-,-,A,-,-,A,-,A,-,A,A,-,-,A,-,-,-,-,-,H,H,-,-,-,-,H,-,-,-,-,-,A,H,H,H,H,-,-,H,H,-,H,-,-,-,-,H,H,H,-,A,-,A,-,-,-,-,-,-,-,H,H,A,-,-,-,-,H,-,H,-,A,-,-,A,-,-,-,-,A,-,-,-,-,-,-,-,-,-,-,-,-,-,-,-,-,-,-,A,-,-,A,-,A,-,A,-,-,A,-,-,-,-,-,-,-,A,-,-,-,-,-,-,-,-,-,-,H,-,H,H,A,A,-,A,-,-,-,-,-,-,-,-,-,-,-,-,-,-,-,-,-,H,-,-,-,-,-,-,-,-,-,-,-,-,-,-,-
102.2,male,1,-,-,A,-,A,A,-,-,A,-,-,A,-,A,-,A,A,-,-,A,-,-,-,-,-,H,H,-,-,-,-,H,-,-,-,-,-,A,H,H,H,H,-,-,H,H,-,H,-,-,-,-,H,H,H,-,A,-,H,-,-,-,-,-,-,-,H,-,H,-,-,-,-,H,-,H,-,A,-,-,A,-,-,-,-,A,-,-,-,-,-,-,-,-,-,-,-,-,-,-,-,-,-,-,H,-,-,H,-,H,-,H,-,-,H,-,-,-,-,-,-,-,H,-,-,-,-,-,-,-,-,-,-,H,-,H,-,H,H,H,A,-,-,-,-,-,-,-,-,-,-,-,-,-,-,-,-,-,H,-,-,-,-,-,-,-,-,-,-,-,-,-,-,-
105.5,male,1,-,-,A,-,A,A,A,A,-,-,-,H,-,H,-,H,H,-,-,H,-,-,-,-,-,H,H,-,-,-,-,A,-,-,-,-,-,A,-,-,-,A,-,-,A,A,-,A,-,-,-,-,A,A,A,-,A,-,A,-,-,-,-,-,-,-,H,-,H,-,-,-,-,H,-,A,-,A,-,-,A,-,-,-,-,H,-,-,-,-,-,-,-,-,-,-,-,-,-,-,-,-,-,-,H,-,-,H,-,H,-,H,-,-,H,-,-,-,-,-,-,-,H,-,-,-,-,-,-,-,-,-,-,H,-,H,H,A,A,-,A,-,-,-,-,-,-,-,-,-,-,-,-,-,-,-,-,-,H,-,-,-,-,-,-,-,-,-,-,-,-,-,-,-
100.1,male,1,-,-,H,-,H,H,-,-,H,-,-,H,-,H,-,H,H,-,-,H,-,-,-,-,-,A,A,-,-,-,-,H,-,-,-,-,-,H,-,-,-,H,H,H,A,A,-,A,-,-,-,-,A,A,A,-,A,-,A,-,-,-,-,-,-,-,A,-,A,-,-,-,-,H,-,H,-,A,-,-,A,-,-,-,-,H,-,-,-,-,-,-,-,-,-,-,-,-,-,-,-,-,-,-,A,A,H,H,H,H,-,H,-,-,H,-,-,-,-,-,-,-,H,-,-,-,-,-,-,-,-,-,-,A,-,A,-,A,A,-,A,-,-,-,-,-,-,-,-,-,-,-,-,-,-,-,-,-,A,-,-,-,-,-,-,-,-,-,-,-,-,-,-,-
96.3,male,1,-,-,H,-,H,H,-,-,H,-,-,H,-,H,-,H,H,H,A,A,-,-,-,-,-,A,H,-,-,-,-,H,-,-,-,-,-,H,-,-,-,H,-,-,H,H,-,H,-,-,-,-,H,H,A,-,A,-,A,-,-,-,-,-,-,-,A,-,A,-,-,-,-,A,-,A,-,H,-,-,H,-,-,-,-,A,-,-,-,-,-,-,-,-,-,-,-,-,-,-,-,-,-,-,A,A,A,A,A,A,-,A,-,-,A,-,-,-,-,-,-,-,H,-,-,-,-,-,-,-,-,-,-,H,-,H,-,H,H,-,H,-,-,-,-,-,-,-,-,-,-,-,-,-,-,-,-,-,H,-,-,-,-,-,-,-,-,-,-,-,-,-,-,-
96.5,male,1,-,-,H,-,H,H,H,A,A,-,-,A,-,A,-,A,A,-,-,A,-,-,-,-,-,H,H,-,-,-,-,A,-,-,-,-,-,A,-,-,-,A,-,-,A,H,-,H,-,-,-,-,H,H,H,-,A,-,A,-,-,-,-,-,-,-,A,-,A,-,-,-,-,A,-,H,-,H,-,-,H,-,-,-,-,A,-,-,-,-,-,-,-,-,-,-,-,-,-,-,-,-,-,-,A,-,-,A,A,H,-,H,-,-,H,-,-,-,-,-,-,-,H,-,-,-,-,-,-,-,-,-,-,H,-,H,-,H,H,-,H,-,-,-,-,-,-,-,-,-,-,-,-,-,-,-,-,-,A,-,-,-,-,-,-,-,-,-,-,-,-,-,-,-
107,male,1,-,-,H,-,H,H,-,-,H,-,-,A,-,A,-,A,A,-,-,A,-,-,-,-,-,A,A,-,-,-,-,A,-,-,-,-,-,A,-,-,-,A,-,-,A,A,-,A,-,-,-,-,A,A,A,-,H,-,H,-,-,-,-,-,-,-,A,-,A,-,-,-,-,A,-,H,-,H,-,-,H,-,-,-,-,H,-,-,-,-,-,-,-,-,-,-,-,-,-,-,-,-,-,-,H,H,A,A,A,A,-,A,-,-,A,-,-,-,-,-,-,-,H,-,-,-,-,-,-,-,-,-,-,A,-,A,-,A,A,-,A,-,-,-,-,-,-,-,-,-,-,-,-,-,-,-,-,-,H,-,-,-,-,-,-,-,-,-,-,-,-,-,-,-
97.2,male,1,-,-,A,A,A,A,-,-,A,-,-,A,-,A,-,A,A,-,-,A,-,-,-,-,-,A,H,-,-,-,-,H,-,-,-,-,-,H,-,-,-,H,-,-,H,H,-,H,-,-,-,-,H,H,H,-,A,-,A,-,-,-,-,-,-,-,H,A,A,-,-,-,-,H,-,H,-,A,-,-,A,-,-,-,-,A,-,-,-,-,-,-,-,-,-,-,-,-,-,-,-,-,-,-,H,-,-,A,A,H,-,H,-,-,H,-,-,-,-,-,-,-,H,-,-,-,-,-,-,-,-,-,-,A,-,A,-,A,A,-,A,-,-,-,-,-,-,-,-,-,-,-,-,-,-,-,-,-,H,-,-,-,-,-,-,-,-,-,-,-,-,-,-,-
98.2,male,1,-,-,H,A,A,A,-,-,A,-,-,A,-,A,-,A,A,-,-,A,-,-,-,-,-,A,A,-,-,-,-,H,-,-,-,-,-,H,-,-,-,H,-,-,H,H,-,H,-,-,-,-,H,H,A,-,H,-,A,-,-,-,-,-,-,-,H,-,H,-,-,-,-,H,-,A,-,H,-,H,A,-,-,-,-,H,-,-,-,-,-,-,-,-,-,-,-,-,-,-,-,-,-,-,H,-,-,A,A,H,H,H,H,H,A,-,-,-,-,-,-,-,A,-,-,-,-,-,-,-,-,-,-,H,-,H,H,A,A,-,A,-,-,-,-,-,-,-,-,-,-,-,-,-,-,-,-,-,A,-,-,-,-,-,-,-,-,-,-,-,-,-,-,-
105.5,male,1,-,-,H,-,H,H,-,-,H,-,-,A,-,A,-,A,A,-,-,A,-,-,-,-,-,A,A,-,-,-,-,A,-,-,-,-,-,H,-,-,-,H,-,-,H,H,-,H,-,-,-,-,H,H,H,-,A,-,A,-,-,-,-,-,-,-,H,-,H,-,-,-,-,A,-,A,-,H,-,H,A,-,-,-,-,A,-,-,-,-,-,-,-,-,-,-,-,-,-,-,-,-,-,-,H,H,H,A,A,A,-,A,-,-,A,-,-,-,-,-,-,-,A,-,-,-,-,-,-,-,-,-,-,H,-,A,-,A,A,-,A,-,-,-,-,-,-,-,-,-,-,-,-,-,-,-,-,-,A,-,-,-,-,-,-,-,-,-,-,-,-,-,-,-
100.3,male,1,-,-,H,-,H,H,-,-,H,-,-,H,-,H,-,A,A,-,-,A,-,-,-,-,-,H,H,-,-,-,-,A,-,-,-,-,-,H,-,-,-,H,-,-,H,H,-,H,H,H,H,A,A,A,A,-,H,-,H,-,-,-,-,-,-,-,H,-,H,-,-,-,-,H,-,H,-,H,-,-,H,-,-,-,-,A,-,-,-,-,-,-,-,-,-,-,-,-,-,-,-,-,-,-,H,-,-,A,H,H,-,H,-,-,H,-,-,-,-,-,-,-,A,-,-,-,-,-,-,-,-,-,-,H,-,H,-,H,H,-,H,-,-,-,-,-,-,-,-,-,-,-,-,-,-,-,-,-,H,-,-,-,-,-,-,-,-,-,-,-,-,-,-,-
94.4,male,1,-,-,A,-,A,A,H,H,H,-,-,H,-,H,-,A,A,A,A,H,-,-,-,-,-,H,H,-,-,-,-,A,-,-,-,-,-,A,-,-,-,A,-,-,A,A,-,A,-,-,-,-,A,A,A,-,A,-,A,-,-,-,-,-,-,-,H,A,A,-,-,-,-,A,-,A,-,H,-,H,A,-,-,-,-,A,-,-,-,-,-,-,-,-,-,-,-,-,-,-,-,-,-,-,H,-,-,H,-,H,-,H,-,-,H,-,-,-,-,-,-,-,H,-,-,-,-,-,-,-,-,-,-,H,-,H,-,H,H,-,H,-,-,-,-,-,-,-,-,-,-,-,-,-,-,-,-,-,H,-,-,-,-,-,-,-,-,-,-,-,-,-,-,-
104.9,male,1,-,-,A,-,A,A,H,H,H,-,-,H,H,H,-,H,H,-,-,H,-,-,-,-,-,H,H,-,-,-,-,A,-,-,-,-,-,A,-,-,-,A,-,-,A,A,-,A,-,-,-,-,A,A,A,-,H,-,H,-,-,-,-,-,-,-,H,A,A,-,-,-,-,H,-,H,-,H,-,H,A,-,-,-,-,A,-,-,-,-,-,-,-,-,-,-,-,-,-,-,-,-,-,-,H,-,-,A,A,H,-,H,-,-,H,-,-,-,-,-,-,-,H,-,-,-,-,-,-,-,-,-,-,H,-,H,-,H,H,H,A,-,-,-,-,-,-,-,-,-,-,-,-,-,-,-,-,-,A,-,-,-,-,-,-,-,-,-,-,-,-,-,-,-
96.4,male,1,-,-,A,-,A,A,-,-,A,-,-,A,-,A,-,A,A,-,-,A,-,-,-,-,-,H,H,-,-,-,-,H,-,-,-,-,-,H,-,-,-,H,-,-,H,H,-,H,-,-,-,-,H,H,H,-,A,-,A,-,-,-,-,-,-,-,H,-,H,-,-,-,-,H,-,H,-,H,-,-,H,-,-,-,-,H,-,-,-,-,-,-,-,-,-,-,-,-,-,-,-,-,-,-,H,-,-,H,-,H,-,H,-,-,H,-,-,-,-,-,-,-,H,-,-,-,-,-,-,-,-,-,-,H,-,H,-,H,H,-,H,-,-,-,-,-,-,-,-,-,-,-,-,-,-,-,-,-,H,-,-,-,-,-,-,-,-,-,-,-,-,-,-,-
103.1,male,1,-,-,A,-,A,A,-,-,A,-,-,A,H,H,-,H,H,-,-,H,-,-,-,-,-,A,A,-,-,-,-,A,-,-,-,-,-,H,-,-,-,H,-,-,H,H,-,H,-,-,-,-,H,H,H,-,A,-,A,-,-,-,-,-,-,-,A,-,A,-,-,-,-,A,-,A,-,H,-,-,H,-,-,-,-,A,-,-,-,-,-,-,-,-,-,-,-,-,-,-,-,-,-,-,H,-,-,H,-,H,H,H,H,H,A,-,-,-,-,-,-,-,H,-,-,-,-,-,-,-,-,-,-,A,-,A,-,A,A,H,H,-,-,-,-,-,-,-,-,-,-,-,-,-,-,-,-,-,A,-,-,-,-,-,-,-,-,-,-,-,-,-,-,-
104.1,male,1,-,-,A,-,A,A,-,-,A,-,-,A,-,A,-,A,A,-,-,A,-,-,-,-,-,H,A,-,-,-,-,H,-,-,-,-,-,A,-,-,-,A,-,-,A,A,-,A,H,H,H,H,H,H,H,-,A,-,A,-,-,-,-,-,-,-,H,-,H,-,-,-,-,A,-,A,-,A,-,-,A,-,-,-,-,A,-,-,-,-,-,-,-,-,-,-,-,-,-,-,-,-,-,-,H,H,H,A,A,H,-,H,-,-,H,-,-,-,-,-,-,-,H,-,-,-,-,-,-,-,-,-,-,H,-,H,-,H,H,-,H,-,-,-,-,-,-,-,-,-,-,-,-,-,-,-,-,-,A,-,-,-,-,-,-,-,-,-,-,-,-,-,-,-
109.2,male,1,-,-,A,-,A,A,-,-,A,-,-,A,-,A,-,A,A,-,-,A,-,-,-,-,-,A,A,-,-,-,-,H,-,-,-,-,-,A,-,-,-,A,-,-,A,A,-,A,-,-,-,-,A,A,A,-,A,-,A,-,-,-,-,-,-,-,A,-,A,-,-,-,-,H,-,H,-,A,-,-,A,-,-,-,-,H,-,-,-,-,-,-,-,-,-,-,-,-,-,-,-,-,-,-,A,-,-,A,-,A,-,A,-,-,A,-,-,-,-,-,-,-,A,-,-,-,-,-,-,-,-,-,-,A,-,A,-,A,A,-,A,-,-,-,-,-,-,-,-,-,-,-,-,-,-,-,-,-,H,-,-,-,-,-,-,-,-,-,-,-,-,-,-,-
94.1,male,1,-,-,H,-,H,H,-,-,H,-,-,H,-,H,-,H,H,-,-,H,-,-,-,-,-,H,H,-,-,-,-,H,-,-,-,-,-,A,-,-,-,A,-,-,A,A,-,A,-,-,-,-,A,A,A,-,A,-,A,-,-,-,-,-,-,-,A,-,A,-,-,-,-,H,-,H,-,H,-,-,H,-,-,-,-,A,-,-,-,-,-,-,-,-,-,-,-,-,-,-,-,-,-,-,A,-,-,A,-,A,-,A,-,-,A,-,-,-,-,-,-,-,H,-,-,-,-,-,-,-,-,-,-,H,-,H,-,H,H,-,H,-,-,-,-,-,-,-,-,-,-,-,-,-,-,-,-,-,A,-,-,-,-,-,-,-,-,-,-,-,-,-,-,-
98.7,male,1,-,-,A,-,A,A,-,-,A,-,-,A,-,A,-,A,A,-,-,A,-,-,-,-,-,H,A,-,-,-,-,A,-,-,-,-,-,H,-,-,-,H,-,-,H,H,-,H,-,-,-,-,H,H,H,-,H,-,H,-,-,-,-,-,-,-,A,-,A,-,-,-,-,H,-,H,-,A,-,-,A,-,-,-,-,H,-,-,-,-,-,-,-,-,-,-,-,-,-,-,-,-,-,-,A,A,A,H,A,A,-,A,-,-,A,-,-,-,-,-,-,-,A,-,-,-,-,-,-,-,-,-,-,H,-,H,-,H,H,A,A,-,-,-,-,-,-,-,-,-,-,-,-,-,-,-,-,-,H,-,-,-,-,-,-,-,-,-,-,-,-,-,-,-
103.4,male,1,-,-,H,-,H,H,-,-,H,-,-,H,H,A,-,A,A,-,-,A,-,-,-,-,-,H,H,-,-,-,-,H,-,-,-,-,-,A,-,-,-,A,-,-,A,A,-,A,-,-,-,-,A,A,A,-,A,-,A,-,-,-,-,-,-,-,H,A,A,-,-,-,-,H,-,H,-,H,-,-,H,-,-,-,-,A,-,-,-,-,-,-,-,-,-,-,-,-,-,-,-,-,-,-,H,-,-,H,-,H,-,H,-,-,H,-,-,-,-,-,-,-,H,-,-,-,-,-,-,-,-,-,-,A,H,H,-,H,H,-,H,-,-,-,-,-,-,-,-,-,-,-,-,-,-,-,-,-,H,-,-,-,-,-,-,-,-,-,-,-,-,-,-,-
99.5,male,1,-,-,H,-,H,H,-,-,H,-,-,A,H,H,-,H,H,-,-,H,-,-,-,-,-,H,A,-,-,-,-,H,-,-,-,-,-,H,H,H,H,A,-,-,A,A,-,A,-,-,-,-,A,A,H,-,A,-,H,-,-,-,-,-,-,-,H,A,A,-,-,-,-,A,-,A,-,H,-,H,A,-,-,-,-,A,-,-,-,-,-,-,-,-,-,-,-,-,-,-,-,-,-,-,H,-,-,H,-,H,H,H,H,H,A,-,-,-,-,-,-,-,H,-,-,-,-,-,-,-,-,-,-,A,-,A,H,H,H,-,H,-,-,-,-,-,-,-,-,-,-,-,-,-,-,-,-,-,A,-,-,-,-,-,-,-,-,-,-,-,-,-,-,-
101.2,male,1,-,-,H,-,H,H,-,-,H,-,-,A,H,H,-,H,H,-,-,H,-,-,-,-,-,H,H,-,-,-,-,H,-,-,-,-,-,H,-,-,-,H,-,-,H,H,H,A,-,-,-,-,A,A,A,-,H,-,H,-,-,-,-,-,-,-,H,A,A,-,-,-,-,H,-,A,-,H,-,H,A,-,-,-,-,A,-,-,-,-,-,-,-,-,-,-,-,-,-,-,-,-,-,-,H,-,-,H,-,H,H,H,H,H,A,-,-,-,-,-,-,-,H,-,-,-,-,-,-,-,-,-,-,A,-,A,H,H,H,-,H,-,-,-,-,-,-,-,-,-,-,-,-,-,-,-,-,-,H,-,-,-,-,-,-,-,-,-,-,-,-,-,-,-
99.4,male,1,-,-,H,-,H,H,-,-,H,-,-,H,-,H,-,A,A,A,A,H,-,-,-,-,-,H,H,-,-,-,-,H,-,-,-,-,-,A,-,-,-,A,H,H,H,A,-,A,-,-,-,-,A,A,A,-,H,-,H,-,-,-,-,-,-,-,H,A,A,-,-,-,-,A,-,A,-,H,-,H,A,-,-,-,-,A,-,-,-,-,-,-,-,-,-,-,-,-,-,-,-,-,-,-,H,H,H,H,H,A,-,A,-,-,A,-,-,-,-,-,-,-,H,-,-,-,-,-,-,-,-,-,-,A,-,A,-,A,A,H,H,-,-,-,-,-,-,-,-,-,-,-,-,-,-,-,-,-,H,-,-,-,-,-,-,-,-,-,-,-,-,-,-,-
105.7,male,1,-,-,H,-,H,H,-,-,H,-,-,H,-,H,-,H,H,-,-,H,-,-,-,-,-,H,A,-,-,-,-,A,-,-,-,-,-,A,-,-,-,A,-,-,A,A,-,A,A,A,A,A,A,A,H,-,H,-,H,-,-,-,-,-,-,-,H,-,H,-,-,-,-,A,-,A,-,H,-,-,H,-,-,-,-,A,-,-,-,-,-,-,-,-,-,-,-,-,-,-,-,-,-,-,A,A,A,A,A,A,-,A,-,-,A,-,-,-,-,-,-,-,A,-,-,-,-,-,-,-,-,-,-,A,-,A,A,H,H,-,H,-,-,-,-,-,-,-,-,-,-,-,-,-,-,-,-,-,H,-,-,-,-,-,-,-,-,-,-,-,-,-,-,-
98.9,male,1,-,-,H,-,H,H,-,-,H,-,-,H,-,H,-,H,H,-,-,H,-,-,-,-,-,A,H,-,-,-,-,H,-,-,-,-,-,A,-,-,-,A,-,-,A,A,-,A,H,H,H,A,A,A,A,-,H,-,H,-,-,-,-,-,-,-,A,-,A,-,-,-,-,A,-,A,-,H,-,H,A,-,-,-,-,A,-,-,-,-,-,-,-,-,-,-,-,-,-,-,-,-,-,-,H,-,-,H,-,H,-,H,-,-,H,-,-,-,-,-,-,-,A,-,-,-,-,-,-,-,-,-,-,A,-,A,-,A,A,-,A,-,-,-,-,-,-,-,-,-,-,-,-,-,-,-,-,-,H,-,-,-,-,-,-,-,-,-,-,-,-,-,-,-
98.6,male,1,-,-,H,A,A,A,-,-,A,-,-,A,H,H,-,A,H,H,H,H,-,-,-,-,-,A,A,-,-,-,-,A,-,-,-,-,-,H,-,-,-,H,-,-,H,H,-,H,-,-,-,-,H,H,H,-,H,-,H,-,-,-,-,-,-,-,H,-,H,-,-,-,-,H,-,H,-,H,-,-,H,-,-,-,-,A,-,-,-,-,-,-,-,-,-,-,-,-,-,-,-,-,-,-,A,-,-,A,-,A,-,A,-,-,A,-,-,-,-,-,-,-,A,-,-,-,-,-,-,-,-,-,-,A,-,A,-,A,A,-,A,-,-,-,-,-,-,-,-,-,-,-,-,-,-,-,-,-,A,-,-,-,-,-,-,-,-,-,-,-,-,-,-,-
99,male,1,-,-,H,-,H,H,-,-,H,-,-,H,-,H,-,H,H,-,-,H,-,-,-,-,-,A,A,-,-,-,-,H,-,-,-,-,-,A,-,-,-,A,A,A,A,A,-,A,-,-,-,-,A,A,A,-,A,-,H,-,-,-,-,-,-,-,H,-,H,-,-,-,-,A,-,H,-,H,-,-,H,-,-,-,-,H,-,-,-,-,-,-,-,-,-,-,-,-,-,-,-,-,-,-,A,-,-,A,-,A,-,A,-,-,A,-,-,-,-,-,-,-,A,-,-,-,-,-,-,-,-,-,-,A,-,A,A,H,H,-,H,-,-,-,-,-,-,-,-,-,-,-,-,-,-,-,-,-,A,-,-,-,-,-,-,-,-,-,-,-,-,-,-,-
105.9,male,1,-,-,H,-,H,H,-,-,H,-,-,H,H,A,-,A,A,-,-,A,-,-,-,-,-,A,A,-,-,-,-,H,-,-,-,-,-,A,-,-,-,A,-,-,A,A,-,A,-,-,-,-,A,H,H,-,H,-,H,-,-,-,-,-,-,-,A,-,A,-,-,-,-,H,-,H,-,A,-,-,A,-,-,-,-,H,-,-,-,-,-,-,-,-,-,-,-,-,-,-,-,-,-,-,H,-,-,H,-,H,-,H,-,-,H,-,-,-,-,-,-,-,H,-,-,-,-,-,-,-,-,-,-,A,-,A,-,A,A,-,A,-,-,-,-,-,-,-,-,-,-,-,-,-,-,-,-,-,A,-,-,-,-,-,-,-,-,-,-,-,-,-,-,-
102.3,male,1,-,-,H,-,H,H,-,-,H,-,-,H,-,H,-,A,H,H,H,H,-,-,-,-,-,H,H,-,-,-,-,A,-,-,-,-,-,A,-,-,-,A,-,-,A,A,-,A,-,-,-,-,A,A,A,-,A,-,H,-,-,-,-,-,-,-,H,-,H,-,-,-,-,A,-,A,-,A,-,-,A,-,-,-,-,A,-,-,-,-,-,-,-,-,-,-,-,-,-,-,-,-,-,-,A,-,-,A,-,A,-,A,-,-,A,-,-,-,-,-,-,-,A,-,-,-,-,-,-,-,-,-,-,A,-,A,-,A,A,-,A,-,-,-,-,-,-,-,-,-,-,-,-,-,-,-,-,-,H,-,-,-,-,-,-,-,-,-,-,-,-,-,-,-
102.8,male,1,-,-,A,-,A,A,-,-,A,-,-,A,-,A,-,A,A,-,-,A,-,-,-,-,-,A,A,-,-,-,-,A,-,-,-,-,-,H,-,-,-,H,-,-,H,H,-,H,-,-,-,-,H,H,H,-,A,-,A,-,-,-,-,-,-,-,H,A,A,-,-,-,-,H,-,H,-,H,-,-,H,-,-,-,-,A,-,-,-,-,-,-,-,-,-,-,-,-,-,-,-,-,-,-,A,-,-,A,-,A,A,H,H,H,H,-,-,-,-,-,-,-,H,-,-,-,-,-,-,-,-,-,-,A,-,A,A,H,H,-,H,-,-,-,-,-,-,-,-,-,-,-,-,-,-,-,-,-,A,-,-,-,-,-,-,-,-,-,-,-,-,-,-,-
101.7,male,1,-,-,A,-,A,A,-,-,A,-,-,A,-,A,-,A,A,-,-,A,-,-,-,-,-,A,A,-,-,-,-,A,-,-,-,-,-,A,-,-,-,A,-,-,A,A,A,A,-,-,-,-,A,A,A,-,H,-,H,-,-,-,-,-,-,-,H,-,H,-,-,-,-,H,-,H,-,H,-,-,H,-,-,-,-,H,-,-,-,-,-,-,-,-,-,-,-,-,-,-,-,-,-,-,H,-,-,H,-,H,-,H,-,-,H,-,-,-,-,-,-,-,H,-,-,-,-,-,-,-,-,-,-,A,-,A,H,H,H,-,H,-,-,-,-,-,-,-,-,-,-,-,-,-,-,-,-,-,H,-,-,-,-,-,-,-,-,-,-,-,-,-,-,-
105.8,male,1,-,-,A,A,A,A,-,-,A,-,-,A,-,A,-,A,A,-,-,A,-,-,-,-,-,A,A,-,-,-,-,H,-,-,-,-,-,H,-,-,-,H,-,-,H,H,-,H,-,-,-,-,H,A,A,-,H,-,H,-,-,-,-,-,-,-,H,H,A,-,-,-,-,A,-,H,-,H,-,-,H,-,-,-,-,H,-,-,-,-,-,-,-,-,-,-,-,-,-,-,-,-,-,-,A,A,A,A,H,H,H,H,H,H,A,-,-,-,-,-,-,-,H,-,-,-,-,-,-,-,-,-,-,H,H,H,-,H,A,-,A,-,-,-,-,-,-,-,-,-,-,-,-,-,-,-,-,-,A,-,-,-,-,-,-,-,-,-,-,-,-,-,-,-
99,male,1,-,-,A,A,A,A,-,-,A,-,-,A,-,A,-,A,A,-,-,A,-,-,-,-,-,A,A,-,-,-,-,H,-,-,-,-,-,A,-,-,-,A,-,-,A,A,-,A,A,A,A,A,H,H,H,-,H,-,A,-,-,-,-,-,-,-,H,-,H,-,-,-,-,H,-,H,-,H,-,A,A,-,-,-,-,H,-,-,-,-,-,-,-,-,-,-,-,-,-,-,-,-,-,-,A,-,-,A,-,A,-,A,-,-,A,-,-,-,-,-,-,-,H,-,-,-,-,-,-,-,-,-,-,H,H,H,-,H,A,-,A,-,-,-,-,-,-,-,-,-,-,-,-,-,-,-,-,-,H,-,-,-,-,-,-,-,-,-,-,-,-,-,-,-
95.7,male,1,-,-,A,A,H,H,H,H,H,-,-,A,-,A,-,H,H,-,-,H,-,-,-,-,-,A,A,-,-,-,-,A,-,-,-,-,-,H,-,-,-,H,-,-,H,H,-,H,-,-,-,-,H,H,A,-,H,-,A,-,-,-,-,-,-,-,H,-,H,-,-,-,-,A,-,A,-,H,-,H,A,-,-,-,-,H,-,-,-,-,-,-,-,-,-,-,-,-,-,-,-,-,-,-,A,-,-,A,-,A,-,A,-,-,A,-,-,-,-,-,-,-,A,-,-,-,-,-,-,-,-,-,-,H,H,H,-,H,H,-,H,-,-,-,-,-,-,-,-,-,-,-,-,-,-,-,-,-,H,-,-,-,-,-,-,-,-,-,-,-,-,-,-,-
94.7,male,1,-,-,A,A,A,A,-,-,A,-,-,A,-,A,-,A,A,-,-,A,-,-,-,-,-,A,A,-,-,-,-,H,-,-,-,-,-,H,-,-,-,H,-,-,H,H,-,H,-,-,-,-,H,H,H,-,A,-,A,-,-,-,-,-,-,-,H,-,H,-,-,-,-,A,-,A,-,H,-,-,H,-,-,-,-,A,-,-,-,-,-,-,-,-,-,-,-,-,-,-,-,-,-,-,A,-,-,A,-,A,-,A,-,-,A,-,-,-,-,-,-,-,A,-,-,-,-,-,-,-,-,-,-,A,-,A,-,A,A,-,A,-,-,-,-,-,-,-,-,-,-,-,-,-,-,-,-,-,A,-,-,-,-,-,-,-,-,-,-,-,-,-,-,-
107.5,male,1,-,-,A,A,A,A,-,-,A,-,-,A,H,H,-,H,H,-,-,H,-,-,-,-,-,A,A,-,-,-,-,A,-,-,-,-,-,A,-,-,-,A,-,-,A,A,-,A,-,-,-,-,A,A,A,-,A,-,A,-,-,-,-,-,-,-,H,-,H,-,-,-,-,H,-,H,-,H,-,-,H,-,-,-,-,A,-,-,-,-,-,-,-,-,-,-,-,-,-,-,-,-,-,-,A,-,-,A,-,A,-,A,-,-,A,-,-,-,-,-,-,-,A,-,-,-,-,-,-,-,-,-,-,H,-,H,-,H,H,-,H,-,-,-,-,-,-,-,-,-,-,-,-,-,-,-,-,-,A,-,-,-,-,-,-,-,-,-,-,-,-,-,-,-
105,male,1,-,-,H,-,H,H,-,-,H,-,-,H,-,H,-,A,H,H,H,H,-,-,-,-,-,A,A,-,-,-,-,H,-,-,-,-,-,A,H,H,H,H,-,-,H,H,-,H,-,-,-,-,H,H,H,-,H,-,H,-,-,-,-,-,-,-,A,A,H,-,-,-,-,A,-,H,-,H,-,-,H,-,-,-,-,A,-,-,-,-,-,-,-,-,-,-,-,-,-,-,-,-,-,-,H,H,H,H,H,A,-,A,-,-,A,-,-,-,-,-,-,-,H,-,-,-,-,-,-,-,-,-,-,H,-,H,A,A,A,-,A,-,-,-,-,-,-,-,-,-,-,-,-,-,-,-,-,-,A,-,-,-,-,-,-,-,-,-,-,-,-,-,-,-
94.1,male,1,-,-,H,-,H,H,-,-,H,-,-,H,-,H,-,H,H,-,-,H,-,-,-,-,-,A,A,-,-,-,-,H,-,-,-,-,-,H,-,-,-,H,-,-,H,H,-,H,-,-,-,-,H,H,H,-,H,-,H,-,-,-,-,-,-,-,A,-,A,-,-,-,-,H,-,H,-,H,-,-,H,-,-,-,-,H,-,-,-,-,-,-,-,-,-,-,-,-,-,-,-,-,-,-,H,-,-,H,-,H,-,H,-,-,H,-,-,-,-,-,-,-,A,-,-,-,-,-,-,-,-,-,-,H,H,H,H,A,A,-,A,-,-,-,-,-,-,-,-,-,-,-,-,-,-,-,-,-,A,-,-,-,-,-,-,-,-,-,-,-,-,-,-,-
108.7,male,1,-,-,H,A,A,A,-,-,A,-,-,H,-,H,-,H,H,-,-,H,-,-,-,-,-,H,H,-,-,-,-,A,-,-,-,-,-,A,-,-,-,A,-,-,A,A,-,A,-,-,-,-,A,A,A,-,H,-,H,-,-,-,-,-,-,-,H,H,A,-,-,-,-,H,-,H,-,A,-,-,A,-,-,-,-,A,-,-,-,-,-,-,-,-,-,-,-,-,-,-,-,-,-,-,A,-,-,A,-,A,-,A,-,-,A,-,-,-,-,-,-,-,A,-,-,-,-,-,-,-,-,-,-,A,-,A,H,H,H,-,H,-,-,-,-,-,-,-,-,-,-,-,-,-,-,-,-,-,A,-,-,-,-,-,-,-,-,-,-,-,-,-,-,-
98.1,male,1,-,-,A,A,H,H,-,-,H,-,-,A,A,A,-,A,A,A,A,H,-,-,-,-,-,H,H,-,-,-,-,H,-,-,-,-,-,H,-,-,-,H,-,-,H,H,-,H,-,-,-,-,H,H,H,-,A,-,H,-,-,-,-,-,-,-,H,-,H,-,-,-,-,A,-,A,-,A,-,-,A,-,-,-,-,A,-,-,-,-,-,-,-,-,-,-,-,-,-,-,-,-,-,-,H,-,-,H,-,H,H,H,A,A,A,-,-,-,-,-,-,-,H,-,-,-,-,-,-,-,-,-,-,A,-,H,-,H,H,-,H,-,-,-,-,-,-,-,-,-,-,-,-,-,-,-,-,-,H,-,-,-,-,-,-,-,-,-,-,-,-,-,-,-
104.9,male,1,-,-,A,-,A,A,-,-,A,-,-,A,A,A,-,A,A,A,A,A,-,-,-,-,-,A,A,-,-,-,-,H,-,-,-,-,-,H,-,-,-,H,-,-,H,H,-,H,-,-,-,-,H,H,H,-,H,-,H,-,-,-,-,-,-,-,A,A,H,-,-,-,-,H,-,H,-,H,-,-,H,-,-,-,-,A,-,-,-,-,-,-,-,-,-,-,-,-,-,-,-,-,-,-,H,-,-,H,-,H,H,H,H,H,A,-,-,-,-,-,-,-,H,-,-,-,-,-,-,-,-,-,-,A,-,A,-,A,A,-,A,-,-,-,-,-,-,-,-,-,-,-,-,-,-,-,-,-,H,-,-,-,-,-,-,-,-,-,-,-,-,-,-,-
95.1,male,1,-,-,A,A,A,H,-,-,H,-,-,A,-,A,-,A,A,-,-,A,-,-,-,-,-,H,H,-,-,-,-,A,-,-,-,-,-,H,-,-,-,H,-,-,H,H,-,H,-,-,-,-,H,H,A,-,H,-,H,-,-,-,-,-,-,-,A,-,A,-,-,-,-,A,-,A,-,A,-,-,A,-,-,-,-,H,-,-,-,-,-,-,-,-,-,-,-,-,-,-,-,-,-,-,A,-,-,A,-,A,A,A,A,H,H,-,-,-,-,-,-,-,H,-,-,-,-,-,-,-,-,-,-,H,-,H,-,H,H,-,H,-,-,-,-,-,-,-,-,-,-,-,-,-,-,-,-,-,A,-,-,-,-,-,-,-,-,-,-,-,-,-,-,-
94.7,male,1,-,-,H,-,H,H,-,-,H,-,-,A,-,A,-,A,A,-,-,A,-,-,-,-,-,A,A,-,-,-,-,A,-,-,-,-,-,A,-,-,-,A,-,-,A,A,-,A,H,H,H,H,H,H,H,-,A,H,H,-,-,-,-,-,-,-,A,-,A,-,-,-,-,A,-,A,-,A,-,-,A,-,-,-,-,H,-,-,-,-,-,-,-,-,-,-,-,-,-,-,-,-,-,-,A,H,H,H,H,H,-,H,-,-,H,-,-,-,-,-,-,-,A,-,-,-,-,-,-,-,-,-,-,H,-,H,-,H,H,-,H,-,-,-,-,-,-,-,-,-,-,-,-,-,-,-,-,-,A,-,-,-,-,-,-,-,-,-,-,-,-,-,-,-
108.6,male,1,-,-,H,H,H,A,-,-,A,-,-,A,-,A,-,A,A,-,-,A,-,-,-,-,-,H,A,-,-,-,-,A,-,-,-,-,-,A,-,-,-,A,-,-,A,A,-,A,-,-,-,-,A,A,H,-,A,-,A,-,-,-,-,-,-,-,H,H,A,-,-,-,-,H,-,H,-,A,-,-,A,-,-,-,-,A,-,-,-,-,-,-,-,-,-,-,-,-,-,-,-,-,-,-,A,-,-,A,-,A,-,A,-,-,A,-,-,-,-,-,-,-,A,-,-,-,-,-,-,-,-,-,-,H,-,H,-,H,H,-,H,-,-,-,-,-,-,-,-,-,-,-,-,-,-,-,-,-,H,-,-,-,-,-,-,-,-,-,-,-,-,-,-,-
97.6,male,1,-,-,H,A,A,A,-,-,A,-,-,A,-,A,-,A,A,-,-,A,-,-,-,-,-,H,H,-,-,-,-,A,-,-,-,-,-,A,-,-,-,A,-,-,A,A,A,H,-,-,-,-,H,H,H,-,A,-,A,-,-,-,-,-,-,-,H,-,H,-,-,-,-,A,-,A,-,A,-,-,A,-,-,-,-,H,-,-,-,-,-,-,-,-,-,-,-,-,-,-,-,-,-,-,A,-,-,A,-,A,-,A,-,-,A,-,-,-,-,-,-,-,H,-,-,-,-,-,-,-,-,-,-,H,-,H,-,H,H,-,H,-,-,-,-,-,-,-,-,-,-,-,-,-,-,-,-,-,H,-,-,-,-,-,-,-,-,-,-,-,-,-,-,-
96.7,male,1,-,-,H,A,A,A,-,-,A,-,-,A,H,H,-,H,H,-,-,H,-,-,-,-,-,A,H,-,-,-,-,H,-,-,-,-,-,A,-,-,-,A,-,-,A,A,-,A,-,-,-,-,A,A,A,-,A,-,A,-,-,-,-,-,-,-,H,-,H,-,-,-,-,H,-,A,-,A,-,-,A,-,-,-,-,A,-,-,-,-,-,-,-,-,-,-,-,-,-,-,-,-,-,-,A,A,A,A,A,A,A,A,A,A,H,-,-,-,-,-,-,-,H,-,-,-,-,-,-,-,-,-,-,H,-,H,-,H,H,-,H,-,-,-,-,-,-,-,-,-,-,-,-,-,-,-,-,-,H,-,-,-,-,-,-,-,-,-,-,-,-,-,-,-
96,male,1,-,-,H,A,A,A,-,-,A,-,-,A,-,A,-,A,A,-,-,A,-,-,-,-,-,H,H,-,-,-,-,A,-,-,-,-,-,H,-,-,-,H,-,-,H,H,-,H,-,-,-,-,H,H,A,-,H,-,H,-,-,-,-,-,-,-,A,-,A,-,-,-,-,H,-,H,-,A,-,-,A,-,-,-,-,A,-,-,-,-,-,-,-,-,-,-,-,-,-,-,-,-,-,-,A,A,A,A,A,A,-,A,-,-,A,-,-,-,-,-,-,-,H,-,-,-,-,-,-,-,-,-,-,A,-,A,A,H,H,-,H,-,-,-,-,-,-,-,-,-,-,-,-,-,-,-,-,-,H,-,-,-,-,-,-,-,-,-,-,-,-,-,-,-
107.7,male,1,-,-,A,A,A,H,-,-,H,-,-,H,-,H,-,H,H,-,-,H,-,-,-,-,-,A,A,-,-,-,-,H,-,-,-,-,-,A,A,A,A,A,-,-,A,A,-,A,-,-,-,-,A,A,A,-,H,-,H,-,-,-,-,-,-,-,A,A,H,-,-,-,-,A,-,A,-,A,-,-,A,-,-,-,-,H,-,-,-,-,-,-,-,-,-,-,-,-,-,-,-,-,-,-,A,-,-,A,-,A,A,A,A,A,H,-,-,-,-,-,-,-,H,-,-,-,-,-,-,-,-,-,-,A,-,A,-,A,A,-,A,-,-,-,-,-,-,-,-,-,-,-,-,-,-,-,-,-,H,-,-,-,-,-,-,-,-,-,-,-,-,-,-,-
96.9,male,1,-,-,H,-,H,H,-,-,H,-,-,H,-,H,-,A,A,A,A,A,-,-,-,-,-,H,H,-,-,-,-,H,-,-,-,-,-,H,A,A,A,A,-,-,A,A,-,A,-,-,-,-,A,A,A,-,A,-,A,-,-,-,-,-,-,-,H,H,A,-,-,-,-,H,-,H,-,H,-,-,H,-,-,-,-,H,-,-,-,-,-,-,-,-,-,-,-,-,-,-,-,-,-,-,A,A,A,A,H,H,-,H,-,-,H,-,-,-,-,-,-,-,A,-,-,-,-,-,-,-,-,-,-,H,-,H,-,H,H,-,H,-,-,-,-,-,-,-,-,-,-,-,-,-,-,-,-,-,H,-,-,-,-,-,-,-,-,-,-,-,-,-,-,-
96,male,1,-,-,H,-,H,H,-,-,H,-,-,H,-,H,-,H,H,H,H,H,-,-,-,-,-,A,A,-,-,-,-,H,-,-,-,-,-,H,A,A,A,A,-,-,A,A,-,A,-,-,-,-,A,A,H,-,H,-,H,-,-,-,-,-,-,-,H,-,H,-,-,-,-,A,-,A,-,A,-,-,A,-,-,-,-,A,-,-,-,-,-,-,-,-,-,-,-,-,-,-,-,-,-,-,H,-,-,H,-,H,-,H,-,-,H,-,-,-,-,-,-,-,H,-,-,-,-,-,-,-,-,-,-,H,-,H,-,H,H,-,H,-,-,-,-,-,-,-,-,-,-,-,-,-,-,-,-,-,H,-,-,-,-,-,-,-,-,-,-,-,-,-,-,-
99.5,male,1,-,-,H,-,H,H,-,-,H,-,-,H,-,H,-,H,A,A,A,A,-,-,-,-,-,A,A,-,-,-,-,A,-,-,-,-,-,H,-,-,-,H,-,-,H,H,-,H,-,-,-,-,H,H,H,-,A,-,A,-,-,-,-,-,-,-,A,A,H,-,-,-,-,A,-,A,-,A,-,-,A,-,-,-,-,A,-,-,-,-,-,-,-,-,-,-,-,-,-,-,-,-,-,-,A,-,-,A,-,A,A,H,H,H,H,-,-,-,-,-,-,-,H,-,-,-,-,-,-,-,-,-,-,H,-,H,-,H,H,H,A,-,-,-,-,-,-,-,-,-,-,-,-,-,-,-,-,-,A,-,-,-,-,-,-,-,-,-,-,-,-,-,-,-
100.6,male,1,-,-,H,-,H,H,-,-,H,-,-,H,-,H,-,H,H,-,-,H,-,-,-,-,-,A,A,-,-,-,-,H,-,-,-,-,-,H,A,A,A,A,-,-,A,A,-,A,-,-,-,-,A,A,H,-,H,-,H,-,-,-,-,-,-,-,A,-,A,-,-,-,-,A,-,A,-,A,-,-,A,-,-,-,-,A,-,-,-,-,-,-,-,-,-,-,-,-,-,-,-,-,-,-,H,-,-,H,-,H,-,H,-,-,H,-,-,-,-,-,-,-,A,-,-,-,-,-,-,-,-,-,-,H,-,A,-,A,A,-,A,-,-,-,-,-,-,-,-,-,-,-,-,-,-,-,-,-,A,-,-,-,-,-,-,-,-,-,-,-,-,-,-,-
100.5,male,1,-,-,H,H,H,H,-,-,H,-,-,A,A,A,-,A,A,-,-,A,-,-,-,-,-,A,A,-,-,-,-,H,-,-,-,-,-,A,H,H,H,H,-,-,H,H,-,H,-,-,-,-,H,H,H,-,H,-,A,-,-,-,-,-,-,-,A,-,A,-,-,-,-,H,-,A,-,A,-,-,A,-,-,-,-,A,-,-,-,-,-,-,-,-,-,-,-,-,-,-,-,-,-,-,A,-,-,A,-,A,A,H,H,H,H,-,-,-,-,-,-,-,A,-,-,-,-,-,-,-,-,-,-,A,-,A,-,A,A,-,A,-,-,-,-,-,-,-,-,-,-,-,-,-,-,-,-,-,A,-,-,-,-,-,-,-,-,-,-,-,-,-,-,-
103.6,male,1,-,-,A,-,A,A,-,-,A,-,-,A,-,A,-,A,A,-,-,A,-,-,-,-,-,A,A,-,-,-,-,A,-,-,-,-,-,A,-,-,-,A,-,-,A,A,-,A,-,-,-,-,A,A,A,-,A,-,H,-,-,-,-,-,-,-,H,H,A,-,-,-,-,A,-,A,-,A,-,H,H,-,-,-,-,A,-,-,-,-,-,-,-,-,-,-,-,-,-,-,-,-,-,-,A,-,-,A,-,A,A,H,H,H,H,-,-,-,-,-,-,-,H,-,-,-,-,-,-,-,-,-,-,H,H,A,-,A,A,-,A,-,-,-,-,-,-,-,-,-,-,-,-,-,-,-,-,-,H,-,-,-,-,-,-,-,-,-,-,-,-,-,-,-
107.6,male,1,-,-,H,-,H,H,-,-,H,-,-,H,H,A,-,A,A,-,-,A,-,-,-,-,-,A,A,-,-,-,-,A,-,-,-,-,-,A,-,-,-,A,-,-,A,A,-,A,-,-,-,-,A,A,A,-,A,-,A,-,-,-,-,-,-,-,H,-,H,-,-,-,-,H,-,H,-,A,-,-,A,-,-,-,-,A,-,-,-,-,-,-,-,-,-,-,-,-,-,-,-,-,-,-,A,-,-,A,-,A,-,A,-,-,A,-,-,-,-,-,-,-,A,-,-,-,-,-,-,-,-,-,-,H,-,H,-,H,H,-,H,-,-,-,-,-,-,-,-,-,-,-,-,-,-,-,-,-,A,-,-,-,-,-,-,-,-,-,-,-,-,-,-,-
99.5,male,1,-,-,A,-,A,A,-,-,A,-,-,A,-,A,-,A,A,-,-,A,-,-,-,-,-,A,A,-,-,-,-,A,-,-,-,-,-,H,-,-,-,H,-,-,H,H,-,H,-,-,-,-,H,H,H,-,H,-,H,-,-,-,-,-,-,-,A,-,A,-,-,-,-,H,-,H,-,A,-,-,A,-,-,-,-,A,-,-,-,-,-,-,-,-,-,-,-,-,-,-,-,-,-,-,H,-,-,H,-,H,H,A,A,A,A,-,-,-,-,-,-,-,H,-,-,-,-,-,-,-,-,-,-,H,H,A,-,A,A,-,A,-,-,-,-,-,-,-,-,-,-,-,-,-,-,-,-,-,H,-,-,-,-,-,-,-,-,-,-,-,-,-,-,-
101.1,male,1,-,-,H,-,H,H,-,-,H,-,-,H,H,H,-,H,H,H,H,A,-,-,-,-,-,A,A,-,-,-,-,H,-,-,-,-,-,H,A,A,A,A,-,-,A,A,-,A,-,-,-,-,A,A,A,-,H,-,H,-,-,-,-,-,-,-,H,-,H,-,-,-,-,H,-,H,-,H,-,A,A,-,-,-,-,H,-,-,-,-,-,-,-,-,-,-,-,-,-,-,-,-,-,-,A,-,-,A,-,A,A,H,H,H,H,-,-,-,-,-,-,-,H,-,-,-,-,-,-,-,-,-,-,A,-,A,-,A,A,-,A,-,-,-,-,-,-,-,-,-,-,-,-,-,-,-,-,-,H,-,-,-,-,-,-,-,-,-,-,-,-,-,-,-
96.1,male,1,-,-,A,-,A,A,-,-,A,-,-,H,-,H,-,A,A,-,-,A,-,-,-,-,-,A,H,-,-,-,-,H,-,-,-,-,-,A,A,A,A,A,A,A,A,A,H,H,-,-,-,-,H,H,H,-,H,-,H,-,-,-,-,-,-,-,A,-,A,-,-,-,-,H,-,H,-,H,-,-,H,-,-,-,-,A,-,-,-,-,-,-,-,-,-,-,-,-,-,-,-,-,-,-,A,-,-,A,-,A,A,A,A,A,A,-,-,-,-,-,-,-,A,-,-,-,-,-,-,-,-,-,-,H,-,H,-,H,H,-,H,-,-,-,-,-,-,-,-,-,-,-,-,-,-,-,-,-,H,-,-,-,-,-,-,-,-,-,-,-,-,-,-,-
103.7,male,1,-,-,A,-,A,A,-,-,A,-,-,A,-,A,-,A,A,-,-,A,-,-,-,-,-,H,H,-,-,-,-,H,-,-,-,-,-,H,A,A,A,A,-,-,A,A,-,A,-,-,-,-,A,A,A,-,A,-,A,-,-,-,-,-,-,-,A,-,A,-,-,-,-,A,-,A,-,A,-,-,A,-,-,-,-,H,-,-,-,-,-,-,-,-,-,-,-,-,-,-,-,-,-,-,A,-,-,A,-,A,-,A,-,-,A,-,-,-,-,-,-,-,H,-,-,-,-,-,-,-,-,-,-,A,-,A,-,A,A,-,A,-,-,-,-,-,-,-,-,-,-,-,-,-,-,-,-,-,A,-,-,-,-,-,-,-,-,-,-,-,-,-,-,-
95.5,male,1,-,-,A,-,A,A,A,A,H,-,-,H,H,A,-,H,H,H,H,H,-,-,-,-,-,H,H,-,-,-,-,H,-,-,-,-,-,H,-,-,-,H,-,-,H,H,-,H,-,-,-,-,H,H,H,-,H,-,H,-,-,-,-,-,-,-,A,-,A,-,-,-,-,A,-,A,-,H,-,-,H,-,-,-,-,A,-,-,-,-,-,-,-,-,-,-,-,-,-,-,-,-,-,-,A,-,-,A,-,A,-,A,-,-,A,-,-,-,-,-,-,-,A,-,-,-,-,-,-,-,-,-,-,H,-,H,-,H,H,-,H,-,-,-,-,-,-,-,-,-,-,-,-,-,-,-,-,-,A,-,-,-,-,-,-,-,-,-,-,-,-,-,-,-
94.3,male,1,-,-,H,-,H,H,-,-,H,-,-,H,-,H,-,H,H,-,-,H,-,-,-,-,-,H,H,-,-,-,-,A,-,-,-,-,-,H,-,-,-,H,-,-,H,H,-,H,-,-,-,-,H,H,H,-,H,-,H,-,-,-,-,-,-,-,H,-,H,-,-,-,-,A,-,A,-,A,-,-,A,-,-,-,-,A,-,-,-,-,-,-,-,-,-,-,-,-,-,-,-,-,-,-,H,-,-,H,-,H,-,H,-,-,H,-,-,-,-,-,-,-,H,-,-,-,-,-,-,-,-,-,-,A,-,A,-,A,A,-,A,-,-,-,-,-,-,-,-,-,-,-,-,-,-,-,-,-,A,-,-,-,-,-,-,-,-,-,-,-,-,-,-,-
107.5,male,1,-,-,A,-,A,A,-,-,A,-,-,A,A,H,-,A,A,-,-,A,-,-,-,-,-,A,A,-,-,-,-,A,-,-,-,-,-,A,H,H,H,H,-,-,H,H,-,H,-,-,-,-,H,H,A,-,H,-,H,-,-,-,-,-,-,-,H,-,H,-,-,-,-,A,-,A,-,A,-,-,A,-,-,-,-,A,-,-,-,-,-,-,-,-,-,-,-,-,-,-,-,-,-,-,H,-,-,H,-,H,-,H,-,-,H,-,-,-,-,-,-,-,A,-,-,-,-,-,-,-,-,-,-,H,-,H,-,H,H,-,H,-,-,-,-,-,-,-,-,-,-,-,-,-,-,-,-,-,H,-,-,-,-,-,-,-,-,-,-,-,-,-,-,-
102.7,male,1,-,-,A,-,A,A,-,-,A,-,-,A,-,A,-,A,A,-,-,A,-,-,-,-,-,H,H,-,-,-,-,H,-,-,-,-,-,A,H,H,H,H,-,-,H,H,-,H,-,-,-,-,H,H,H,-,A,-,A,-,-,-,-,-,-,-,A,-,A,-,-,-,-,H,-,H,-,H,-,-,H,-,-,-,-,H,-,-,-,-,-,-,-,-,-,-,-,-,-,-,-,-,-,-,H,A,A,A,A,A,-,A,-,-,A,-,-,-,-,-,-,-,A,-,-,-,-,-,-,-,-,-,-,H,-,H,-,H,H,-,H,-,-,-,-,-,-,-,-,-,-,-,-,-,-,-,-,-,A,-,-,-,-,-,-,-,-,-,-,-,-,-,-,-
96.6,male,1,-,-,A,-,A,A,-,-,A,-,-,A,-,A,-,A,A,-,-,A,-,-,-,-,-,A,A,-,-,-,-,H,-,-,-,-,-,A,A,A,A,H,-,-,H,H,H,H,H,H,H,H,H,H,H,-,A,-,A,-,-,-,-,-,-,-,H,-,H,-,-,-,-,A,-,A,-,A,-,-,A,-,-,-,-,H,-,-,-,-,-,-,-,-,-,-,-,-,-,-,-,-,-,-,A,A,A,H,H,H,-,H,-,-,H,-,-,-,-,-,-,-,H,-,-,-,-,-,-,-,-,-,-,H,-,H,-,H,H,-,H,-,-,-,-,-,-,-,-,-,-,-,-,-,-,-,-,-,A,-,-,-,-,-,-,-,-,-,-,-,-,-,-,-
105.9,male,1,-,-,H,H,H,H,-,-,H,-,-,H,H,A,-,H,H,-,-,H,-,-,-,-,-,H,H,-,-,-,-,A,-,-,-,-,-,A,-,-,-,A,-,-,A,A,-,A,-,-,-,-,A,A,A,-,H,-,H,-,-,-,-,-,-,-,H,-,H,-,-,-,-,H,-,H,-,A,-,-,A,-,-,-,-,A,-,-,-,-,-,-,-,-,-,-,-,-,-,-,-,-,-,-,H,H,A,A,A,A,-,A,-,-,A,-,-,-,-,-,-,-,H,-,-,-,-,-,-,-,-,-,-,H,-,H,-,H,H,-,H,-,-,-,-,-,-,-,-,-,-,-,-,-,-,-,-,-,H,-,-,-,-,-,-,-,-,-,-,-,-,-,-,-
101.6,male,1,-,-,A,-,A,A,A,A,A,-,-,H,-,H,-,H,H,H,A,A,-,-,-,-,-,H,H,-,-,-,-,A,-,-,-,-,-,A,-,-,-,A,-,-,A,A,-,A,H,H,H,H,H,H,H,-,A,-,A,-,-,-,-,-,-,-,A,-,A,-,-,-,-,H,-,H,-,H,-,-,H,-,-,-,-,A,-,-,-,-,-,-,-,-,-,-,-,-,-,-,-,-,-,-,H,-,-,H,-,H,-,H,-,-,H,-,-,-,-,-,-,-,A,-,-,-,-,-,-,-,-,-,-,H,-,H,-,H,H,-,H,-,-,-,-,-,-,-,-,-,-,-,-,-,-,-,-,-,A,-,-,-,-,-,-,-,-,-,-,-,-,-,-,-
105.6,male,1,-,-,A,-,A,A,A,A,A,-,-,H,-,H,-,H,H,-,-,H,-,-,-,-,-,A,A,-,-,-,-,A,-,-,-,-,-,A,-,-,-,A,-,-,A,A,-,A,-,-,-,-,A,A,A,-,A,-,A,-,-,-,-,-,-,-,H,-,H,-,-,-,-,H,-,A,-,A,-,-,A,-,-,-,-,A,-,-,-,-,-,-,-,-,-,-,-,-,-,-,-,-,-,-,A,-,-,A,-,A,-,A,-,-,A,-,-,-,-,-,-,-,H,-,-,-,-,-,-,-,-,-,-,H,-,H,-,H,H,-,H,-,-,-,-,-,-,-,-,-,-,-,-,-,-,-,-,-,H,-,-,-,-,-,-,-,-,-,-,-,-,-,-,-
102,male,1,-,-,A,-,A,A,-,-,A,-,-,A,A,H,-,A,A,-,-,A,-,-,-,-,-,H,H,-,-,-,-,H,-,-,-,-,-,A,A,H,H,H,-,-,H,A,A,H,-,-,-,-,H,H,H,-,A,-,A,-,-,-,-,-,-,-,H,-,H,-,-,-,-,H,-,H,-,A,-,-,A,-,-,-,-,H,-,-,-,-,-,-,-,-,-,-,-,-,-,-,-,-,-,-,A,-,-,A,-,A,-,A,-,-,A,-,-,-,-,-,-,-,H,-,-,-,-,-,-,-,-,-,-,A,-,A,-,A,A,H,H,-,-,-,-,-,-,-,-,-,-,-,-,-,-,-,-,-,H,-,-,-,-,-,-,-,-,-,-,-,-,-,-,-
105.9,male,1,-,-,H,-,H,H,-,-,H,-,-,H,H,A,-,H,H,-,-,H,-,-,-,-,-,A,A,-,-,-,-,H,-,-,-,-,-,A,A,A,A,A,A,A,A,A,-,A,-,-,-,-,A,A,A,-,H,-,H,-,-,-,-,-,-,-,H,-,H,-,-,-,-,H,-,H,-,H,-,-,H,-,-,-,-,A,-,-,-,-,-,-,-,-,-,-,-,-,-,-,-,-,-,-,H,-,-,H,-,H,-,H,-,-,H,-,-,-,-,-,-,-,H,-,-,-,-,-,-,-,-,-,-,H,-,H,-,H,H,-,H,-,-,-,-,-,-,-,-,-,-,-,-,-,-,-,-,-,H,-,-,-,-,-,-,-,-,-,-,-,-,-,-,-
102.3,male,1,-,-,H,H,A,A,-,-,A,-,-,A,A,H,-,H,H,-,-,H,-,-,-,-,-,A,A,-,-,-,-,A,-,-,-,-,-,A,-,-,-,A,-,-,A,A,-,A,-,-,-,-,A,A,A,-,A,-,A,-,-,-,-,-,-,-,A,-,A,-,-,-,-,A,-,A,-,A,-,-,A,-,-,-,-,H,-,-,-,-,-,-,-,-,-,-,-,-,-,-,-,-,-,-,H,-,-,H,-,H,H,H,H,H,A,-,-,-,-,-,-,-,H,-,-,-,-,-,-,-,-,-,-,H,-,A,-,A,A,-,A,-,-,-,-,-,-,-,-,-,-,-,-,-,-,-,-,-,H,-,-,-,-,-,-,-,-,-,-,-,-,-,-,-
105.2,male,1,-,-,H,H,H,H,-,-,H,-,-,A,-,A,-,A,A,-,-,A,-,-,-,-,-,H,H,-,-,-,-,A,-,-,-,-,-,A,-,-,-,A,-,-,A,A,-,A,-,-,-,-,A,A,A,-,H,-,H,-,-,-,-,-,-,-,A,-,A,-,-,-,-,H,-,H,-,H,-,-,H,-,-,-,-,A,-,-,-,-,-,-,-,-,-,-,-,-,-,-,-,-,-,-,A,-,-,A,-,A,-,A,-,-,A,-,-,-,-,-,-,-,H,-,-,-,-,-,-,-,-,-,-,H,-,H,-,H,H,-,H,-,-,-,-,-,-,-,-,-,-,-,-,-,-,-,-,-,A,-,-,-,-,-,-,-,-,-,-,-,-,-,-,-
103.3,male,1,-,-,A,A,A,A,A,H,H,-,-,H,-,H,-,H,H,-,-,H,-,-,-,-,-,H,H,-,-,-,-,A,-,-,-,-,-,A,-,-,-,A,-,-,A,A,-,A,-,-,-,-,A,A,H,-,H,-,H,-,-,-,-,-,-,-,A,-,A,-,-,-,-,A,-,A,-,H,-,-,H,-,-,-,-,H,-,-,-,-,-,-,-,-,-,-,-,-,-,-,-,-,-,-,H,-,-,H,-,H,H,A,A,A,A,-,-,-,-,-,-,-,H,-,-,-,-,-,-,-,-,-,-,H,-,H,-,H,H,-,H,-,-,-,-,-,-,-,-,-,-,-,-,-,-,-,-,-,A,-,-,-,-,-,-,-,-,-,-,-,-,-,-,-
105.6,male,1,-,-,A,A,A,A,-,-,A,-,-,A,-,A,-,A,A,-,-,A,-,-,-,-,-,H,H,-,-,-,-,A,-,-,-,-,-,H,-,-,-,H,-,-,H,H,-,H,-,-,-,-,H,A,A,-,H,-,H,-,-,-,-,-,-,-,H,-,H,-,-,-,-,H,-,H,-,H,-,H,H,-,-,-,-,A,-,-,-,-,-,-,-,-,-,-,-,-,-,-,-,-,-,-,A,-,-,A,-,A,-,A,-,-,A,-,-,-,-,-,-,-,H,-,-,-,-,-,-,-,-,-,-,A,-,A,-,A,A,H,H,-,-,-,-,-,-,-,-,-,-,-,-,-,-,-,-,-,H,-,-,-,-,-,-,-,-,-,-,-,-,-,-,-
96.4,male,1,-,-,H,H,H,H,-,-,H,-,-,H,-,H,-,H,H,-,-,H,-,-,-,-,-,H,H,-,-,-,-,H,-,-,-,-,-,H,-,-,-,H,-,-,H,H,-,H,-,-,-,-,H,H,H,-,A,-,A,-,-,-,-,-,-,-,H,-,H,-,-,-,-,H,-,H,-,H,-,H,H,-,-,-,-,H,-,-,-,-,-,-,-,-,-,-,-,-,-,-,-,-,-,-,H,-,-,H,-,H,-,H,-,-,H,-,-,-,-,-,-,-,H,-,-,-,-,-,-,-,-,-,-,H,-,H,-,H,H,-,H,-,-,-,-,-,-,-,-,-,-,-,-,-,-,-,-,-,A,-,-,-,-,-,-,-,-,-,-,-,-,-,-,-
98.2,male,1,-,-,A,A,A,A,A,H,H,-,-,H,-,H,-,H,H,-,-,H,-,-,-,-,-,A,H,-,-,-,-,A,-,-,-,-,-,H,-,-,-,H,-,-,H,H,-,H,-,-,-,-,H,H,A,-,H,-,H,-,-,-,-,-,-,-,H,-,H,-,-,-,-,H,-,H,-,H,-,H,H,-,-,-,-,H,-,-,-,-,-,-,-,-,-,-,-,-,-,-,-,-,-,-,H,-,-,H,-,H,-,H,-,-,H,-,-,-,-,-,-,-,H,-,-,-,-,-,-,-,-,-,-,H,-,H,-,H,H,-,H,-,-,-,-,-,-,-,-,-,-,-,-,-,-,-,-,-,A,-,-,-,-,-,-,-,-,-,-,-,-,-,-,-
103.4,male,1,-,-,A,A,A,A,-,-,A,-,-,A,-,A,-,H,H,-,-,H,-,-,-,-,-,A,A,-,-,-,-,A,-,-,-,-,-,H,H,H,H,A,-,-,A,A,H,H,A,A,A,A,A,A,A,-,A,-,A,-,-,-,-,-,-,-,H,-,H,-,-,-,-,H,-,H,-,H,-,H,H,-,-,-,-,A,-,-,-,-,-,-,-,-,-,-,-,-,-,-,-,-,-,-,H,-,-,H,-,H,-,H,-,-,H,-,-,-,-,-,-,-,A,-,-,-,-,-,-,-,-,-,-,A,-,A,-,A,A,-,A,-,-,-,-,-,-,-,-,-,-,-,-,-,-,-,-,-,A,-,-,-,-,-,-,-,-,-,-,-,-,-,-,-
93.8,male,1,-,-,H,H,-,H,-,-,H,-,-,H,A,A,-,A,A,-,-,A,-,-,-,-,-,H,H,-,-,-,-,A,-,-,-,-,-,H,-,-,-,H,-,-,H,H,-,H,-,-,-,-,H,H,H,-,H,-,A,-,-,-,-,-,-,-,H,-,H,-,-,-,-,H,-,H,-,H,-,-,H,-,-,-,-,A,-,-,-,-,-,-,-,-,-,-,-,-,-,-,-,-,-,-,H,-,-,H,-,H,H,H,H,H,H,-,-,-,-,-,-,-,A,-,-,-,-,-,-,-,-,-,-,A,-,A,-,A,A,H,H,-,-,-,-,-,-,-,-,-,-,-,-,-,-,-,-,-,A,-,-,-,-,-,-,-,-,-,-,-,-,-,-,-
104.1,male,1,-,-,A,A,A,A,-,-,A,-,-,A,H,H,-,H,H,H,H,H,-,-,-,-,-,A,A,-,-,-,-,A,-,-,-,-,-,A,H,H,H,H,-,-,H,H,-,H,-,-,-,-,H,H,H,-,A,-,A,-,-,-,-,-,-,-,H,-,H,-,-,-,-,A,-,A,-,A,-,-,A,-,-,-,-,A,-,-,-,-,-,-,-,-,-,-,-,-,-,-,-,-,-,-,A,-,-,A,-,A,-,A,-,-,A,-,-,-,-,-,-,-,A,-,-,-,-,-,-,-,-,-,-,A,-,H,-,H,H,-,H,-,-,-,-,-,-,-,-,-,-,-,-,-,-,-,-,-,H,-,-,-,-,-,-,-,-,-,-,-,-,-,-,-
95.3,male,1,-,-,H,H,H,H,-,-,H,-,-,H,A,A,-,A,A,-,-,A,-,-,-,-,-,H,H,-,-,-,-,A,-,-,-,-,-,A,A,A,A,A,-,-,A,A,-,A,A,A,H,H,H,H,H,-,A,-,A,-,-,-,-,-,-,-,A,-,A,-,-,-,-,H,-,H,-,H,-,-,H,-,-,-,-,A,-,-,-,-,-,-,-,-,-,-,-,-,-,-,-,-,-,-,A,-,-,A,-,A,-,A,-,-,A,-,-,-,-,-,-,-,A,-,-,-,-,-,-,-,-,-,-,H,-,H,-,H,H,-,H,-,-,-,-,-,-,-,-,-,-,-,-,-,-,-,-,-,A,-,-,-,-,-,-,-,-,-,-,-,-,-,-,-
96.9,male,1,-,-,A,A,A,A,-,-,A,-,-,A,-,A,-,H,H,H,H,H,-,-,-,-,-,A,H,-,-,-,-,H,-,-,-,-,-,A,H,H,H,H,-,-,H,H,-,H,-,-,-,-,H,H,A,-,A,-,A,-,-,-,-,-,-,-,A,-,A,-,-,-,-,H,-,H,-,A,-,-,A,-,-,-,-,H,-,-,-,-,-,-,-,-,-,-,-,-,-,-,-,-,-,-,A,A,A,H,H,H,-,H,-,-,H,-,-,-,-,-,-,-,A,-,-,-,-,-,-,-,-,-,-,H,-,H,-,H,H,-,H,-,-,-,-,-,-,-,-,-,-,-,-,-,-,-,-,-,H,-,-,-,-,-,-,-,-,-,-,-,-,-,-,-
107.6,male,1,-,-,H,H,H,H,-,-,H,-,-,A,-,A,-,A,A,-,-,A,-,-,-,-,-,H,H,-,-,-,-,H,-,-,-,-,-,A,-,A,-,H,-,-,H,H,A,A,H,H,H,H,H,H,H,-,A,-,A,-,-,-,-,-,-,-,A,-,A,-,-,-,-,H,-,H,-,A,-,-,A,-,-,-,-,A,-,-,-,-,-,-,-,-,-,-,-,-,-,-,-,-,-,-,H,-,-,H,-,H,H,H,H,A,A,-,-,-,-,-,-,-,A,-,-,-,-,-,-,-,-,-,-,H,-,H,-,H,H,-,H,-,-,-,-,-,-,-,-,-,-,-,-,-,-,-,-,-,A,-,-,-,-,-,-,-,-,-,-,-,-,-,-,-
107.3,male,1,-,-,H,H,H,H,-,-,H,-,-,H,-,H,-,H,H,H,A,A,-,-,-,-,-,A,A,-,-,-,-,A,-,-,-,-,-,A,-,-,-,A,-,-,A,A,-,A,-,-,-,-,A,A,H,-,A,-,A,-,-,-,-,-,-,-,H,-,H,-,-,-,-,H,-,H,-,A,-,-,A,-,-,-,-,A,-,-,-,-,-,-,-,-,-,-,-,-,-,-,-,-,-,-,H,-,-,H,-,H,-,H,-,-,H,-,-,-,-,-,-,-,H,-,-,-,-,-,-,-,-,-,-,H,-,H,-,H,H,-,H,-,-,-,-,-,-,-,-,-,-,-,-,-,-,-,-,-,H,-,-,-,-,-,-,-,-,-,-,-,-,-,-,-
103.3,male,1,-,-,A,-,A,A,-,-,A,-,-,A,A,H,-,H,H,-,-,H,-,-,-,-,-,A,A,-,-,-,-,H,-,-,-,-,-,H,H,H,H,A,H,H,A,A,A,A,A,A,A,A,A,A,A,-,H,-,H,-,-,-,-,-,-,-,H,-,H,-,-,-,-,H,-,H,-,A,-,-,A,-,-,-,-,A,-,-,-,-,-,-,-,-,-,-,-,-,-,-,-,-,-,-,A,-,-,A,-,A,A,A,H,H,H,-,-,-,-,-,-,-,A,-,-,-,-,-,-,-,-,-,-,A,-,A,-,A,A,-,A,-,-,-,-,-,-,-,-,-,-,-,-,-,-,-,-,-,A,-,-,-,-,-,-,-,-,-,-,-,-,-,-,-
99.6,male,1,-,-,A,A,A,A,-,-,A,-,-,A,-,A,-,A,A,-,-,A,-,-,-,-,-,H,H,-,-,-,-,H,-,-,-,-,-,H,-,-,-,H,-,-,H,H,-,H,-,-,-,-,H,A,A,-,A,-,H,-,-,-,-,-,-,-,H,-,H,-,-,-,-,H,-,H,-,H,-,-,H,-,-,-,-,A,-,-,-,-,-,-,-,-,-,-,-,-,-,-,-,-,-,-,H,-,-,H,-,H,-,H,-,-,H,-,-,-,-,-,-,-,A,-,-,-,-,-,-,-,-,-,-,A,-,A,-,A,A,-,A,-,-,-,-,-,-,-,-,-,-,-,-,-,-,-,-,-,H,-,-,-,-,-,-,-,-,-,-,-,-,-,-,-
107.5,male,1,-,-,A,-,A,A,-,-,A,-,-,A,-,A,-,H,H,-,-,H,-,-,-,-,-,A,A,-,-,-,-,H,-,-,-,-,-,H,H,A,A,A,-,-,A,A,-,A,-,-,-,-,A,A,A,-,A,-,A,-,-,-,-,-,-,-,H,-,H,-,-,-,-,A,-,A,-,H,-,-,H,-,-,-,-,H,-,-,-,-,-,-,-,-,-,-,-,-,-,-,-,-,-,-,H,-,-,H,-,H,-,H,-,-,H,-,-,-,-,-,-,-,A,-,-,-,-,-,-,-,-,-,-,H,-,H,-,H,H,-,H,-,-,-,-,-,-,-,-,-,-,-,-,-,-,-,-,-,H,-,-,-,-,-,-,-,-,-,-,-,-,-,-,-
95.1,male,1,-,-,H,H,H,H,-,-,H,-,-,H,-,H,-,H,H,-,-,H,-,-,-,-,-,A,A,-,-,-,-,H,-,-,-,-,-,H,-,-,-,H,-,-,H,H,-,H,-,-,-,-,H,A,H,-,H,-,H,-,-,-,-,-,-,-,A,-,A,-,-,-,-,H,-,A,-,A,-,-,A,-,-,-,-,H,-,-,-,-,-,-,-,-,-,-,-,-,-,-,-,-,-,-,H,-,-,H,-,H,-,H,-,-,H,-,-,-,-,-,-,-,H,-,-,-,-,-,-,-,-,-,-,H,-,H,-,H,H,-,H,-,-,-,-,-,-,-,-,-,-,-,-,-,-,-,-,-,H,-,-,-,-,-,-,-,-,-,-,-,-,-,-,-
98.1,male,1,-,-,H,H,H,H,-,-,H,-,-,H,-,H,-,H,H,-,-,H,-,-,-,-,-,A,A,-,-,-,-,A,-,-,-,-,-,H,-,-,-,H,-,-,H,H,-,H,-,-,-,-,H,A,H,-,A,-,A,-,-,-,-,-,-,-,H,-,H,-,-,-,-,H,-,H,-,H,-,-,H,-,-,-,-,H,-,-,-,-,-,-,-,-,-,-,-,-,-,-,-,-,-,-,H,-,-,H,-,H,-,H,-,-,H,-,-,-,-,-,-,-,A,-,-,-,-,-,-,-,-,-,-,H,-,H,-,H,H,-,H,-,-,-,-,-,-,-,-,-,-,-,-,-,-,-,-,-,A,-,-,-,-,-,-,-,-,-,-,-,-,-,-,-
106.6,male,1,-,-,H,H,H,H,-,-,H,-,-,H,H,A,-,A,A,-,-,A,-,-,-,-,-,H,H,-,-,-,-,A,-,-,-,-,-,A,-,-,-,A,-,-,A,A,-,A,-,-,-,-,A,A,A,-,H,-,H,-,-,-,-,-,-,-,H,-,H,-,-,-,-,H,-,H,-,H,-,-,H,-,-,-,-,H,-,-,-,-,-,-,-,-,-,-,-,-,-,-,-,-,-,-,A,H,H,H,H,H,-,H,-,-,H,-,-,-,-,-,-,-,A,-,-,-,-,-,-,-,-,-,-,A,-,A,-,A,A,H,H,-,-,-,-,-,-,-,-,-,-,-,-,-,-,-,-,-,H,-,-,-,-,-,-,-,-,-,-,-,-,-,-,-
100.6,male,1,-,-,H,H,H,H,-,-,H,-,-,A,-,A,-,A,A,-,-,A,-,-,-,-,-,A,A,-,-,-,-,A,-,-,-,-,-,H,-,-,-,H,-,-,H,H,-,H,-,-,-,-,H,H,A,-,H,-,H,-,-,-,-,-,-,-,H,-,H,-,-,-,-,H,-,H,-,H,-,-,H,-,-,-,-,A,-,-,-,-,-,-,-,-,-,-,-,-,-,-,-,-,-,-,A,-,-,A,-,A,-,A,-,-,A,-,-,-,-,-,-,-,H,-,-,-,-,-,-,-,-,-,-,A,-,A,-,A,A,H,H,-,-,-,-,-,-,-,-,-,-,-,-,-,-,-,-,-,A,-,-,-,-,-,-,-,-,-,-,-,-,-,-,-
98.7,male,1,-,-,H,A,A,A,-,-,A,-,-,H,-,H,-,H,H,-,-,H,-,-,-,-,-,A,A,-,-,-,-,A,-,-,-,-,-,H,-,-,-,H,-,-,H,H,-,H,-,-,-,-,H,H,A,-,H,-,H,-,-,-,-,-,-,-,H,-,H,-,-,-,-,H,-,H,-,A,-,-,A,-,-,-,-,A,-,-,-,-,-,-,-,-,-,-,-,-,-,-,-,-,-,-,A,H,H,H,H,H,-,H,-,-,H,-,-,-,-,-,-,-,A,-,-,-,-,-,-,-,-,-,-,A,-,A,-,A,A,H,H,-,-,-,-,-,-,-,-,-,-,-,-,-,-,-,-,-,H,-,-,-,-,-,-,-,-,-,-,-,-,-,-,-
97.5,male,1,-,-,H,H,H,H,-,-,H,-,-,H,H,A,-,A,A,-,-,A,-,-,-,-,-,H,H,-,-,-,-,A,-,-,-,-,-,H,-,-,-,H,-,-,H,H,-,H,-,-,-,-,H,A,H,-,A,-,A,-,-,-,-,-,-,-,A,-,A,-,-,-,-,A,-,A,-,A,-,-,A,-,-,-,-,A,-,-,-,-,-,-,-,-,-,-,-,-,-,-,-,-,-,-,H,-,-,H,-,H,-,H,-,-,H,-,-,-,-,-,-,-,A,-,-,-,-,-,-,-,-,-,-,A,-,A,-,A,A,H,H,-,-,-,-,-,-,-,-,-,-,-,-,-,-,-,-,-,A,-,-,-,-,-,-,-,-,-,-,-,-,-,-,-
100.7,male,1,-,-,H,A,A,A,-,-,A,-,-,A,-,A,-,A,A,-,-,A,-,-,-,-,-,H,H,-,-,-,-,H,-,-,-,-,-,H,-,-,-,H,-,-,H,H,-,H,-,-,-,-,H,H,H,-,A,-,A,-,-,-,-,-,-,-,A,A,A,-,-,-,-,A,-,A,-,H,-,-,H,-,-,-,-,H,-,-,-,-,-,-,-,-,-,-,-,-,-,-,-,-,-,-,A,H,H,H,H,H,H,H,H,A,A,-,-,-,-,-,-,-,A,-,-,-,-,-,-,-,-,-,-,A,-,A,-,A,A,-,A,-,-,-,-,-,-,-,-,-,-,-,-,-,-,-,-,-,H,-,-,-,-,-,-,-,-,-,-,-,-,-,-,-
100,male,1,-,-,H,-,H,H,-,-,H,-,-,H,-,H,-,H,H,H,A,A,-,-,-,-,-,H,H,-,-,-,-,H,-,-,-,-,-,A,H,H,H,H,-,-,H,H,-,H,-,-,-,-,H,A,H,-,H,-,A,-,-,-,-,-,-,-,H,-,H,-,-,-,-,H,-,H,-,H,-,-,H,-,-,-,-,A,-,-,-,-,-,-,-,-,-,-,-,-,-,-,-,-,-,-,A,-,-,A,-,A,A,H,H,H,H,-,-,-,-,-,-,-,A,-,-,-,-,-,-,-,-,-,-,A,-,A,-,A,A,-,A,-,-,-,-,-,-,-,-,-,-,-,-,-,-,-,-,-,A,-,-,-,-,-,-,-,-,-,-,-,-,-,-,-
106.7,male,1,-,-,H,-,H,H,H,H,A,-,-,A,-,A,-,A,A,-,-,A,-,-,-,-,-,A,A,-,-,-,-,A,-,-,-,-,-,A,-,-,-,A,-,-,A,A,-,A,-,-,-,-,A,H,A,-,A,-,A,-,-,-,-,-,-,-,A,H,H,-,-,-,-,H,-,H,-,H,-,A,A,-,-,-,-,H,-,-,-,-,-,-,-,-,-,-,-,-,-,-,-,-,-,-,A,-,-,A,-,A,-,A,-,-,A,-,-,-,-,-,-,-,A,-,-,-,-,-,-,-,-,-,-,H,-,H,-,H,H,-,H,-,-,-,-,-,-,-,-,-,-,-,-,-,-,-,-,-,H,-,-,-,-,-,-,-,-,-,-,-,-,-,-,-
108.2,male,1,-,-,H,A,A,A,-,-,A,-,-,A,-,A,-,A,A,-,-,A,-,-,-,-,-,H,H,-,-,-,-,A,-,-,-,-,-,A,-,-,-,A,-,-,A,A,-,A,-,-,-,-,A,H,A,-,A,-,A,-,-,-,-,-,-,-,A,-,A,-,-,-,-,A,-,A,-,A,-,-,A,-,-,-,-,H,-,-,-,-,-,-,-,-,-,-,-,-,-,-,-,-,-,-,A,-,-,A,-,A,-,A,-,-,A,-,-,-,-,-,-,-,A,-,-,-,-,-,-,-,-,-,-,A,-,A,-,A,A,-,A,-,-,-,-,-,-,-,-,-,-,-,-,-,-,-,-,-,A,-,-,-,-,-,-,-,-,-,-,-,-,-,-,-
106.7,male,1,-,-,A,H,H,H,-,-,H,-,-,A,-,A,-,A,A,-,-,A,-,-,-,-,-,H,H,-,-,-,-,H,-,-,-,-,-,A,H,H,H,H,-,-,H,H,-,H,-,-,-,-,H,H,H,-,H,-,H,-,-,-,-,-,-,-,A,-,A,-,-,-,-,A,-,A,-,H,-,-,H,-,-,-,-,H,-,-,-,-,-,-,-,-,-,-,-,-,-,-,-,-,-,-,H,H,H,H,A,A,-,A,-,-,A,-,-,-,-,-,-,-,A,-,-,-,-,-,-,-,-,-,-,A,-,A,-,A,H,-,H,-,-,-,-,-,-,-,-,-,-,-,-,-,-,-,-,-,A,-,-,-,-,-,-,-,-,-,-,-,-,-,-,-
105.4,male,1,-,-,A,-,A,A,-,-,A,-,-,A,-,A,-,A,A,-,-,A,-,-,-,-,-,H,H,-,-,-,-,H,-,-,-,-,-,A,-,-,-,A,-,-,A,A,-,A,-,-,-,-,A,A,A,-,H,-,H,-,-,-,-,-,-,-,H,A,A,-,-,-,-,H,-,H,-,H,-,-,H,-,-,-,-,A,-,-,-,-,-,-,-,-,-,-,-,-,-,-,-,-,-,-,H,-,-,H,-,H,H,H,H,A,A,-,-,-,-,-,-,-,H,-,-,-,-,-,-,-,-,-,-,A,-,A,-,A,A,-,A,-,-,-,-,-,-,-,-,-,-,-,-,-,-,-,-,-,A,-,-,-,-,-,-,-,-,-,-,-,-,-,-,-
103,male,1,-,-,A,-,A,A,-,-,A,-,-,A,-,A,-,A,A,-,-,A,-,-,-,-,-,A,H,-,-,-,-,A,-,-,-,-,-,A,-,-,-,A,-,-,A,A,-,A,-,-,-,-,A,A,A,-,A,-,A,-,-,-,-,-,-,-,A,H,H,-,-,-,-,A,-,A,-,A,-,-,A,-,-,-,-,A,-,-,-,-,-,-,-,-,-,-,-,-,-,-,-,-,-,-,H,-,-,H,-,H,-,H,-,-,H,-,-,-,-,-,-,-,A,-,-,-,-,-,-,-,-,-,-,H,-,H,-,H,H,-,H,-,-,-,-,-,-,-,-,-,-,-,-,-,-,-,-,-,H,-,-,-,-,-,-,-,-,-,-,-,-,-,-,-
96.6,male,1,-,-,H,-,H,H,-,-,H,-,-,H,A,A,-,A,A,-,-,A,-,-,-,-,-,A,A,-,-,-,-,H,-,-,-,-,-,H,H,H,H,H,H,H,H,H,-,H,A,A,A,A,A,A,A,-,A,-,A,-,-,-,-,-,-,-,A,A,A,-,-,-,-,H,-,H,-,H,-,-,H,-,-,-,-,H,-,-,-,-,-,-,-,-,-,-,-,-,-,-,-,-,-,-,H,-,-,H,-,H,A,A,A,A,A,-,-,-,-,-,-,-,H,-,-,-,-,-,-,-,-,-,-,H,-,H,-,H,H,-,H,-,-,-,-,-,-,-,-,-,-,-,-,-,-,-,-,-,A,-,-,-,-,-,-,-,-,-,-,-,-,-,-,-
108.7,male,1,-,-,H,-,H,H,-,-,H,-,-,H,-,H,-,H,H,-,-,H,-,-,-,-,-,H,H,-,-,-,-,A,-,-,-,-,-,H,H,H,H,A,-,-,A,A,A,A,A,A,A,A,A,A,A,-,A,-,H,-,-,-,-,-,-,-,A,-,A,-,-,-,-,H,-,H,-,H,-,-,H,-,-,-,-,H,-,-,-,-,-,-,-,-,-,-,-,-,-,-,-,-,-,-,A,-,-,A,-,A,A,A,H,H,H,-,-,-,-,-,-,-,A,-,-,-,-,-,-,-,-,-,-,A,-,A,-,A,A,-,A,-,-,-,-,-,-,-,-,-,-,-,-,-,-,-,-,-,A,-,-,-,-,-,-,-,-,-,-,-,-,-,-,-
108.7,male,1,-,-,H,-,H,H,-,-,H,-,-,H,-,H,-,H,H,-,-,H,-,-,-,-,-,H,H,-,-,-,-,H,-,-,-,-,-,A,-,-,-,A,-,-,A,A,-,A,-,-,-,-,A,A,A,-,H,-,H,-,-,-,-,-,-,-,H,H,H,-,-,-,-,A,-,A,-,A,-,-,A,-,-,-,-,H,-,-,-,-,-,-,-,-,-,-,-,-,-,-,-,-,-,-,H,-,-,H,-,H,-,H,-,-,H,-,-,-,-,-,-,-,H,-,-,-,-,-,-,-,-,-,-,H,-,H,-,H,H,-,H,-,-,-,-,-,-,-,-,-,-,-,-,-,-,-,-,-,H,-,-,-,-,-,-,-,-,-,-,-,-,-,-,-
107.2,male,1,-,-,H,-,H,H,-,-,H,-,-,H,-,H,-,H,H,A,A,A,-,-,-,-,-,A,H,-,-,-,-,A,-,-,-,-,-,A,-,-,-,A,-,-,A,A,-,A,-,-,-,-,A,A,A,-,H,-,A,-,-,-,-,-,-,-,A,H,H,-,-,-,-,H,-,A,-,A,-,-,A,-,-,-,-,A,-,-,-,-,-,-,-,-,-,-,-,-,-,-,-,-,-,-,H,-,-,H,-,H,-,H,-,-,H,-,-,-,-,-,-,-,A,-,-,-,-,-,-,-,-,-,-,H,-,H,-,H,H,-,H,-,-,-,-,-,-,-,-,-,-,-,-,-,-,-,-,-,H,-,-,-,-,-,-,-,-,-,-,-,-,-,-,-
101.2,male,1,-,-,H,-,H,H,-,-,H,-,-,H,-,H,-,H,H,-,-,H,-,-,-,-,-,H,H,-,-,-,-,H,-,-,-,-,-,A,H,H,H,H,-,-,H,H,-,H,A,A,A,A,A,A,A,-,H,-,A,-,-,-,-,-,-,-,A,-,A,-,-,-,-,H,-,H,-,H,-,-,H,-,-,-,-,A,-,-,-,-,-,-,-,-,-,-,-,-,-,-,-,-,-,-,H,-,-,H,-,H,-,H,-,-,H,-,-,-,-,-,-,-,H,-,-,-,-,-,-,-,-,-,-,H,-,H,-,H,H,-,H,-,-,-,-,-,-,-,-,-,-,-,-,-,-,-,-,-,A,-,-,-,-,-,-,-,-,-,-,-,-,-,-,-
98.4,male,1,-,-,H,-,H,H,-,-,H,-,-,H,-,H,-,H,H,-,-,H,-,-,-,-,-,A,A,-,-,-,-,H,-,-,-,-,-,H,-,-,-,H,-,-,H,H,-,H,-,-,-,-,H,H,H,-,A,-,A,-,-,-,-,-,-,-,A,A,H,-,-,-,-,H,-,H,-,H,-,-,H,-,-,-,-,H,-,-,-,-,-,-,-,-,-,-,-,-,-,-,-,-,-,-,H,-,-,H,-,H,-,H,-,-,H,-,-,-,-,-,-,-,H,-,-,-,-,-,-,-,-,-,-,A,-,A,-,A,A,-,A,-,-,-,-,-,-,-,-,-,-,-,-,-,-,-,-,-,H,-,-,-,-,-,-,-,-,-,-,-,-,-,-,-
105.8,male,1,-,-,A,-,A,A,-,-,A,-,-,A,-,A,-,A,A,-,-,A,-,-,-,-,-,H,H,-,-,-,-,A,-,-,-,-,-,A,A,A,A,A,A,A,A,A,-,A,H,H,H,H,H,H,H,-,H,-,H,-,-,-,-,-,-,-,H,-,H,-,-,-,-,A,-,A,-,A,-,-,A,-,-,-,-,H,-,-,-,-,-,-,-,-,-,-,-,-,-,-,-,-,-,-,H,-,-,H,-,H,-,H,-,-,H,-,-,-,-,-,-,-,H,-,-,-,-,-,-,-,-,-,-,H,-,H,-,H,H,A,A,-,-,-,-,-,-,-,-,-,-,-,-,-,-,-,-,-,A,-,-,-,-,-,-,-,-,-,-,-,-,-,-,-
109.1,male,1,-,-,A,-,A,A,-,-,A,-,-,A,-,A,-,A,A,A,A,H,-,-,-,-,-,A,A,-,-,-,-,A,-,-,-,-,-,A,-,-,-,A,-,-,A,A,-,A,-,-,-,-,A,A,H,-,A,-,A,-,-,-,-,-,-,-,A,-,A,-,-,-,-,A,-,A,-,H,-,-,H,-,-,-,-,H,-,-,-,-,-,-,-,-,-,-,-,-,-,-,-,-,-,-,A,A,H,H,H,H,-,H,-,-,H,-,-,-,-,-,-,-,A,-,-,-,-,-,-,-,-,-,-,H,-,H,-,H,H,-,H,-,-,-,-,-,-,-,-,-,-,-,-,-,-,-,-,-,H,-,-,-,-,-,-,-,-,-,-,-,-,-,-,-
95.1,male,1,-,-,A,-,A,A,-,-,A,-,-,A,-,A,-,A,A,-,-,A,-,-,-,-,-,A,A,-,-,-,-,A,-,-,-,-,-,H,-,-,-,H,-,-,H,H,-,H,-,-,-,-,H,H,H,-,A,-,H,-,-,-,-,-,-,-,A,-,A,-,-,-,-,H,-,H,-,H,-,-,H,-,-,-,-,A,-,-,-,-,-,-,-,-,-,-,-,-,-,-,-,-,-,-,H,-,-,H,-,H,-,H,-,-,H,-,-,-,-,-,-,-,A,-,-,-,-,-,-,-,-,-,-,A,-,A,-,A,A,H,H,-,-,-,-,-,-,-,-,-,-,-,-,-,-,-,-,-,A,-,-,-,-,-,-,-,-,-,-,-,-,-,-,-
104.3,male,1,-,-,H,-,H,H,-,-,H,-,-,H,-,H,-,H,A,A,A,A,-,-,-,-,-,H,H,-,-,-,-,H,-,-,-,-,-,H,A,A,A,A,-,-,A,A,-,A,-,-,-,-,A,A,A,-,H,-,H,-,-,-,-,-,-,-,A,-,A,-,-,-,-,A,-,A,-,H,-,-,H,-,-,-,-,H,-,-,-,-,-,-,-,-,-,-,-,-,-,-,-,-,-,-,A,-,-,A,-,A,-,A,-,-,A,-,-,-,-,-,-,-,H,-,-,-,-,-,-,-,-,-,-,A,-,A,-,A,A,H,H,-,-,-,-,-,-,-,-,-,-,-,-,-,-,-,-,-,A,-,-,-,-,-,-,-,-,-,-,-,-,-,-,-
101.6,male,1,-,-,H,-,H,H,H,H,A,-,-,A,-,A,-,A,A,A,A,A,-,-,-,-,-,H,H,-,-,-,-,H,-,-,-,-,-,H,-,-,-,H,-,-,H,H,-,H,-,-,-,-,H,H,H,-,A,-,A,-,-,-,-,-,-,-,A,A,H,-,-,-,-,H,-,A,-,A,-,-,A,-,-,-,-,A,-,-,-,-,-,-,-,-,-,-,-,-,-,-,-,-,-,-,A,A,A,A,-,A,-,A,-,-,A,-,-,-,-,-,-,-,A,-,-,-,-,-,-,-,-,-,-,A,-,A,-,H,H,-,H,-,-,-,-,-,-,-,-,-,-,-,-,-,-,-,-,-,H,-,-,-,-,-,-,-,-,-,-,-,-,-,-,-
95.6,male,1,-,-,H,-,H,H,-,-,H,-,-,H,-,H,-,H,H,-,-,H,-,-,-,-,-,A,A,-,-,-,-,A,-,-,-,-,-,H,-,-,-,H,-,-,H,H,-,H,-,-,-,-,H,H,H,-,H,-,H,-,-,-,-,-,-,-,A,-,A,-,-,-,-,H,-,H,-,A,-,-,A,-,-,-,-,A,-,-,-,-,-,-,-,-,-,-,-,-,-,-,-,-,-,-,A,A,H,H,H,H,-,H,-,-,H,-,-,-,-,-,-,-,A,-,-,-,-,-,-,-,-,-,-,H,-,H,-,H,H,A,A,-,-,-,-,-,-,-,-,-,-,-,-,-,-,-,-,-,A,-,-,-,-,-,-,-,-,-,-,-,-,-,-,-
109.2,male,1,-,-,H,-,H,H,-,-,H,-,-,H,A,A,-,A,A,-,-,A,-,-,-,-,-,A,H,-,-,-,-,A,-,-,-,-,-,A,-,-,-,A,-,-,A,A,-,A,-,-,-,-,A,A,A,-,A,-,A,-,-,-,-,-,-,-,A,-,A,-,-,-,-,H,-,H,-,H,-,H,H,-,-,-,-,A,-,-,-,-,-,-,-,-,-,-,-,-,-,-,-,-,-,-,H,-,-,H,-,H,-,H,-,-,H,-,-,-,-,-,-,-,A,-,-,-,-,-,-,-,-,-,-,H,-,H,-,H,H,-,H,-,-,-,-,-,-,-,-,-,-,-,-,-,-,-,-,-,A,-,-,-,-,-,-,-,-,-,-,-,-,-,-,-
109.3,male,1,-,-,H,-,H,H,-,-,H,-,-,H,-,H,-,H,H,-,-,H,-,-,-,-,-,A,A,-,-,-,-,A,-,-,-,-,-,A,A,A,A,A,A,A,A,A,-,A,H,H,H,H,H,H,H,-,A,-,A,-,-,-,-,-,-,-,H,-,H,-,-,-,-,A,-,A,-,A,-,-,A,-,-,-,-,A,-,-,-,-,-,-,-,-,-,-,-,-,-,-,-,-,-,-,A,-,-,A,-,A,-,A,-,-,A,-,-,-,-,-,-,-,H,-,-,-,-,-,-,-,-,-,-,A,-,A,-,A,A,-,A,-,-,-,-,-,-,-,-,-,-,-,-,-,-,-,-,-,A,-,-,-,-,-,-,-,-,-,-,-,-,-,-,-
98.8,male,1,-,-,H,-,H,H,-,-,H,-,-,H,H,A,-,A,A,-,-,A,-,-,-,-,-,A,A,-,-,-,-,H,-,-,-,-,-,A,H,H,H,H,-,-,H,H,-,H,-,-,-,-,H,H,H,-,H,-,A,-,-,-,-,-,-,-,A,A,H,-,-,-,-,A,-,A,-,A,-,-,A,-,-,-,-,H,-,-,-,-,-,-,-,-,-,-,-,-,-,-,-,-,-,-,A,-,-,A,-,A,-,A,-,-,A,-,-,-,-,-,-,-,A,-,-,-,-,-,-,-,-,-,-,H,A,A,-,A,A,-,A,-,-,-,-,-,-,-,-,-,-,-,-,-,-,-,-,-,H,-,-,-,-,-,-,-,-,-,-,-,-,-,-,-
116.2,male,1,-,-,A,-,A,A,-,-,A,-,-,A,-,A,-,A,A,-,-,A,-,-,-,-,-,H,H,-,-,-,-,H,-,-,-,-,-,A,-,-,-,A,-,-,A,A,-,A,-,-,-,-,A,A,A,-,H,-,A,-,-,-,-,-,-,-,A,-,A,-,-,-,-,H,-,A,-,H,-,H,A,-,-,-,-,A,-,-,-,-,-,-,-,-,-,-,-,-,-,-,-,-,-,-,H,H,H,H,H,H,-,H,-,-,H,-,-,-,-,-,-,-,H,-,-,-,-,-,-,-,-,-,-,H,H,H,-,H,H,-,H,-,-,-,-,-,-,-,-,-,-,-,-,-,-,-,-,-,A,-,-,-,-,-,-,-,-,-,-,-,-,-,-,-
100.8,male,1,-,-,A,-,A,A,-,-,A,-,-,A,-,A,-,A,A,-,-,A,-,-,-,-,-,A,A,-,-,-,-,H,-,-,-,-,-,H,-,-,-,H,-,-,H,H,-,H,-,-,-,-,H,H,H,-,H,-,A,-,-,-,-,-,-,-,H,-,H,-,-,-,-,H,-,H,-,H,-,-,H,-,-,-,-,A,-,-,-,-,-,-,-,-,-,-,-,-,-,-,-,-,-,-,A,A,A,H,H,H,-,H,-,-,H,-,-,-,-,-,-,-,H,-,-,-,-,-,-,-,-,-,-,A,-,A,-,A,A,-,A,-,-,-,-,-,-,-,-,-,-,-,-,-,-,-,-,-,A,-,-,-,-,-,-,-,-,-,-,-,-,-,-,-
106.7,male,1,-,-,A,-,A,A,-,-,A,-,-,A,-,A,-,A,A,A,A,H,-,-,-,-,-,H,H,-,-,-,-,A,-,-,-,-,-,H,-,-,-,H,-,-,H,H,-,H,-,-,-,-,H,H,H,-,A,-,A,-,-,-,-,-,-,-,H,-,H,-,-,-,-,A,-,A,-,A,-,-,A,-,-,-,-,A,-,-,-,-,-,-,-,-,-,-,-,-,-,-,-,-,-,-,A,-,-,A,-,A,-,A,-,-,A,-,-,-,-,-,-,-,H,-,-,-,-,-,-,-,-,-,-,A,-,A,-,A,A,-,A,-,-,-,-,-,-,-,-,-,-,-,-,-,-,-,-,-,H,-,-,-,-,-,-,-,-,-,-,-,-,-,-,-
98.5,male,1,-,-,H,-,H,H,-,-,H,-,-,A,-,A,-,A,A,-,-,A,-,-,-,-,-,A,A,-,-,-,-,H,-,-,-,-,-,H,-,-,-,H,A,A,A,A,-,A,-,-,-,-,A,H,H,-,A,A,H,-,-,-,-,-,-,-,H,-,H,-,-,-,-,A,-,A,-,A,-,-,A,-,-,-,-,A,-,-,-,-,-,-,-,-,-,-,-,-,-,-,-,-,-,-,A,-,-,A,-,A,-,A,-,-,A,-,-,-,-,-,-,-,A,-,-,-,-,-,-,-,-,-,-,H,-,H,-,H,H,-,H,-,-,-,-,-,-,-,-,-,-,-,-,-,-,-,-,-,A,-,-,-,-,-,-,-,-,-,-,-,-,-,-,-